'Willie Aames','None',811823246,None,'None','2017-11-24T06:16:16Z'
'Willie Aames','None',803762613,196446,'BD2412','2017-10-04T13:32:56Z'
'Willie Aames','None',802385471,2327349,'Paulmcdonald','2017-09-25T21:01:01Z'
'Willie Aames','None',799733022,31892694,'CelenaSkaggs','2017-09-09T14:38:12Z'
'Willie Aames','None',793521701,30342179,'Strawberriez','2017-08-02T08:28:03Z'
'Willie Aames','None',792110012,4720513,'Moe1810','2017-07-24T14:28:58Z'
'Willie Aames','None',792109874,4720513,'Moe1810','2017-07-24T14:27:56Z'
'Willie Aames','None',792109803,4720513,'Moe1810','2017-07-24T14:27:23Z'
'Willie Aames','None',792109743,4720513,'Moe1810','2017-07-24T14:26:58Z'
'Willie Aames','None',792109545,4720513,'Moe1810','2017-07-24T14:25:28Z'
'Willie Aames','None',787727357,18057899,'I am One of Many','2017-06-27T05:35:08Z'
'Willie Aames','None',787727314,None,'None','2017-06-27T05:34:31Z'
'Willie Aames','None',777703010,12360729,'Wikidude10000','2017-04-28T19:16:31Z'
'Willie Aames','None',750916997,19255892,'Eneri1953','2016-11-22T06:15:35Z'
'Willie Aames','None',749258684,7611264,'AnomieBOT','2016-11-13T09:59:49Z'
'Willie Aames','None',744863350,19634782,'Ghinozzi-nissim','2016-10-17T22:02:23Z'
'Willie Aames','None',744477135,19634782,'Ghinozzi-nissim','2016-10-15T13:34:15Z'
'Willie Aames','None',743358375,28903366,'Bender the Bot','2016-10-09T08:28:23Z'
'Willie Aames','None',742208389,25052795,'My Chemistry romantic','2016-10-02T09:30:04Z'
'Willie Aames','None',742062499,None,'None','2016-10-01T13:16:18Z'
'Willie Aames','None',742058044,None,'None','2016-10-01T12:26:38Z'
'Willie Aames','None',741440929,14054348,'Vincelord','2016-09-27T14:31:45Z'
'Willie Aames','None',740580409,None,'None','2016-09-21T23:51:40Z'
'Willie Aames','None',733155931,4071608,'WereSpielChequers','2016-08-05T19:40:31Z'
'Willie Aames','None',731243222,9806113,'Tinton5','2016-07-24T01:57:11Z'
'Willie Aames','None',730266451,2254673,'Wowaconia','2016-07-17T22:01:55Z'
'Willie Aames','None',729701624,24420788,'KasparBot','2016-07-14T00:02:06Z'
'Willie Aames','None',727075849,5865511,'JasonAQuest','2016-06-26T13:48:39Z'
'Willie Aames','None',722283959,7686562,'Ddlfan','2016-05-27T02:45:37Z'
'Willie Aames','None',722227841,4720513,'Moe1810','2016-05-26T19:14:48Z'
'Willie Aames','None',716795207,7852030,'Materialscientist','2016-04-23T22:45:02Z'
'Willie Aames','None',716769112,None,'None','2016-04-23T19:04:46Z'
'Willie Aames','None',710112223,None,'None','2016-03-15T01:09:25Z'
'Willie Aames','None',709740260,141808,'RJFJR','2016-03-12T20:10:30Z'
'Willie Aames','None',702807056,24420788,'KasparBot','2016-02-01T19:56:17Z'
'Willie Aames','None',697207431,7611264,'AnomieBOT','2015-12-29T00:14:04Z'
'Willie Aames','None',697205076,1381068,'Casliber','2015-12-28T23:53:55Z'
'Willie Aames','None',687241174,264323,'Bgwhite','2015-10-24T07:03:26Z'
'Willie Aames','None',687137187,None,'None','2015-10-23T14:47:44Z'
'Willie Aames','None',687133991,None,'None','2015-10-23T14:21:41Z'
'Willie Aames','None',685126616,26486488,'Annette3076','2015-10-11T00:11:00Z'
'Willie Aames','None',685126467,26486488,'Annette3076','2015-10-11T00:09:29Z'
'Willie Aames','None',671295408,12374079,'Unreal7','2015-07-13T19:17:23Z'
'Willie Aames','None',671112011,4342643,'Mjeromee','2015-07-12T14:25:34Z'
'Willie Aames','None',671032298,1349228,'Ebyabe','2015-07-11T23:05:58Z'
'Willie Aames','None',671032286,None,'None','2015-07-11T23:05:46Z'
'Willie Aames','None',671032165,None,'None','2015-07-11T23:04:42Z'
'Willie Aames','None',671032119,1349228,'Ebyabe','2015-07-11T23:04:14Z'
'Willie Aames','None',671032045,None,'None','2015-07-11T23:03:17Z'
'Willie Aames','None',671032012,1349228,'Ebyabe','2015-07-11T23:02:55Z'
'Willie Aames','None',671031931,None,'None','2015-07-11T23:01:50Z'
'Willie Aames','None',671031860,None,'None','2015-07-11T23:00:54Z'
'Willie Aames','None',669677037,23498277,'Joseph2302','2015-07-02T19:41:15Z'
'Willie Aames','None',669676955,25667657,'Willie Aames','2015-07-02T19:40:31Z'
'Willie Aames','None',669676834,23498277,'Joseph2302','2015-07-02T19:39:29Z'
'Willie Aames','None',669676783,25667657,'Willie Aames','2015-07-02T19:39:02Z'
'Willie Aames','None',669676570,25667657,'Willie Aames','2015-07-02T19:37:21Z'
'Willie Aames','None',669675661,25667657,'Willie Aames','2015-07-02T19:30:06Z'
'Willie Aames','None',669674071,25667657,'Willie Aames','2015-07-02T19:16:19Z'
'Willie Aames','None',669673975,25667657,'Willie Aames','2015-07-02T19:15:37Z'
'Willie Aames','None',669673843,25667657,'Willie Aames','2015-07-02T19:14:41Z'
'Willie Aames','None',669673481,25667657,'Willie Aames','2015-07-02T19:11:47Z'
'Willie Aames','None',669673149,25667657,'Willie Aames','2015-07-02T19:08:52Z'
'Willie Aames','None',669670612,6871414,'Musdan77','2015-07-02T18:47:15Z'
'Willie Aames','None',669661342,None,'None','2015-07-02T17:29:51Z'
'Willie Aames','None',669509494,6871414,'Musdan77','2015-07-01T17:35:03Z'
'Willie Aames','None',669509394,6871414,'Musdan77','2015-07-01T17:34:00Z'
'Willie Aames','None',668482116,None,'None','2015-06-24T15:41:29Z'
'Willie Aames','None',668481861,None,'None','2015-06-24T15:39:26Z'
'Willie Aames','None',668421831,8619853,'Amaury','2015-06-24T05:02:52Z'
'Willie Aames','None',668420422,None,'None','2015-06-24T04:46:22Z'
'Willie Aames','None',668416002,None,'None','2015-06-24T03:59:45Z'
'Willie Aames','None',668344779,8619853,'Amaury','2015-06-23T20:04:16Z'
'Willie Aames','None',668344210,None,'None','2015-06-23T20:01:01Z'
'Willie Aames','None',662694387,271168,'Wavelength','2015-05-17T02:13:39Z'
'Willie Aames','None',658967540,None,'None','2015-04-24T09:58:33Z'
'Willie Aames','None',658967383,None,'None','2015-04-24T09:56:39Z'
'Willie Aames','None',658967275,None,'None','2015-04-24T09:55:21Z'
'Willie Aames','None',658925555,753665,'Ser Amantio di Nicolao','2015-04-24T01:28:29Z'
'Willie Aames','None',653072627,418355,'Entheta','2015-03-22T22:17:50Z'
'Willie Aames','None',649490042,None,'None','2015-03-02T04:51:53Z'
'Willie Aames','None',649489891,None,'None','2015-03-02T04:50:12Z'
'Willie Aames','None',641191650,None,'None','2015-01-06T04:53:00Z'
'Willie Aames','None',640130949,503067,'Yamaguchi先生','2014-12-29T19:35:22Z'
'Willie Aames','None',640124529,None,'None','2014-12-29T18:42:51Z'
'Willie Aames','None',632567243,None,'None','2014-11-05T15:38:14Z'
'Willie Aames','None',631886591,19613340,'MjolnirPants','2014-10-31T13:55:09Z'
'Willie Aames','None',631843257,None,'None','2014-10-31T03:31:48Z'
'Willie Aames','None',631843141,None,'None','2014-10-31T03:30:22Z'
'Willie Aames','None',629341920,None,'None','2014-10-12T19:37:35Z'
'Willie Aames','None',629341840,None,'None','2014-10-12T19:36:48Z'
'Willie Aames','None',622504646,17602232,'OcelotHod','2014-08-23T19:09:23Z'
'Willie Aames','None',617408883,11710129,'Solarra','2014-07-18T03:56:43Z'
'Willie Aames','None',615603212,196446,'BD2412','2014-07-04T18:12:24Z'
'Willie Aames','None',606965347,31706,'Auric','2014-05-04T00:32:53Z'
'Willie Aames','None',606965090,31706,'Auric','2014-05-04T00:29:56Z'
'Willie Aames','None',606964946,31706,'Auric','2014-05-04T00:28:17Z'
'Willie Aames','None',606587104,None,'None','2014-05-01T06:42:12Z'
'Willie Aames','None',606479344,16166519,'Pratyya Ghosh','2014-04-30T14:17:39Z'
'Willie Aames','None',605979155,7611264,'AnomieBOT','2014-04-27T02:56:21Z'
'Willie Aames','None',605977454,8158242,'JimVC3','2014-04-27T02:35:48Z'
'Willie Aames','None',605552815,7611264,'AnomieBOT','2014-04-24T03:10:22Z'
'Willie Aames','None',605550728,376014,'Rms125a@hotmail.com','2014-04-24T02:49:47Z'
'Willie Aames','None',604581746,None,'None','2014-04-17T11:27:45Z'
'Willie Aames','None',603216301,5615351,'Urbanchampion','2014-04-07T22:04:36Z'
'Willie Aames','None',603142375,7611264,'AnomieBOT','2014-04-07T12:17:24Z'
'Willie Aames','None',603140169,376014,'Rms125a@hotmail.com','2014-04-07T11:57:22Z'
'Willie Aames','None',602963055,4293477,'Flyer22 Reborn','2014-04-06T05:28:33Z'
'Willie Aames','None',602954111,None,'None','2014-04-06T03:26:43Z'
'Willie Aames','None',602953507,None,'None','2014-04-06T03:19:18Z'
'Willie Aames','None',602144231,13096125,'TYelliot','2014-03-31T18:12:22Z'
'Willie Aames','None',602144155,None,'None','2014-03-31T18:11:50Z'
'Willie Aames','None',602143776,13975403,'Widr','2014-03-31T18:09:04Z'
'Willie Aames','None',602143395,None,'None','2014-03-31T18:05:55Z'
'Willie Aames','None',601150264,None,'None','2014-03-25T05:03:48Z'
'Willie Aames','None',601150066,None,'None','2014-03-25T05:01:19Z'
'Willie Aames','None',601149928,None,'None','2014-03-25T04:59:29Z'
'Willie Aames','None',601149879,None,'None','2014-03-25T04:58:42Z'
'Willie Aames','None',601149815,None,'None','2014-03-25T04:57:28Z'
'Willie Aames','None',601149781,None,'None','2014-03-25T04:57:01Z'
'Willie Aames','None',601149641,None,'None','2014-03-25T04:55:14Z'
'Willie Aames','None',599054755,2832496,'Kolja21','2014-03-10T23:03:54Z'
'Willie Aames','None',597074494,14054348,'Vincelord','2014-02-25T14:48:37Z'
'Willie Aames','None',595146379,None,'None','2014-02-12T14:47:35Z'
'Willie Aames','None',594838503,10742916,'TexianPolitico','2014-02-10T15:45:42Z'
'Willie Aames','None',588355611,7701499,'Cavarrone','2013-12-30T11:30:41Z'
'Willie Aames','None',586878193,1657874,'Trezjr','2013-12-20T01:28:28Z'
'Willie Aames','None',586878015,1657874,'Trezjr','2013-12-20T01:26:33Z'
'Willie Aames','None',586821344,None,'None','2013-12-19T18:44:29Z'
'Willie Aames','None',586821226,None,'None','2013-12-19T18:43:47Z'
'Willie Aames','None',585362436,1657874,'Trezjr','2013-12-10T00:34:19Z'
'Willie Aames','None',585346834,None,'None','2013-12-09T22:30:15Z'
'Willie Aames','None',584714604,None,'None','2013-12-05T17:12:52Z'
'Willie Aames','None',576493784,2308770,'Johnpacklambert','2013-10-09T20:28:09Z'
'Willie Aames','None',570694065,754619,'BrownHairedGirl','2013-08-29T16:37:39Z'
'Willie Aames','None',570693949,754619,'BrownHairedGirl','2013-08-29T16:36:39Z'
'Willie Aames','None',570056409,7852030,'Materialscientist','2013-08-24T22:55:59Z'
'Willie Aames','None',570033595,None,'None','2013-08-24T19:21:24Z'
'Willie Aames','None',568142215,2308770,'Johnpacklambert','2013-08-12T00:23:48Z'
'Willie Aames','None',566792675,2308770,'Johnpacklambert','2013-08-02T00:53:59Z'
'Willie Aames','None',563409449,14882394,'MusikAnimal','2013-07-08T18:22:56Z'
'Willie Aames','None',563337378,2602832,'Aboutmovies','2013-07-08T06:15:09Z'
'Willie Aames','None',562057868,None,'None','2013-06-29T03:17:57Z'
'Willie Aames','None',557743455,None,'None','2013-05-31T21:39:45Z'
'Willie Aames','None',557444482,None,'None','2013-05-30T02:00:44Z'
'Willie Aames','None',556058901,None,'None','2013-05-21T05:40:28Z'
'Willie Aames','None',556058643,None,'None','2013-05-21T05:37:23Z'
'Willie Aames','None',555323938,5406486,'Equatorgator','2013-05-16T05:35:12Z'
'Willie Aames','None',555323877,5406486,'Equatorgator','2013-05-16T05:34:33Z'
'Willie Aames','None',555323669,5406486,'Equatorgator','2013-05-16T05:32:20Z'
'Willie Aames','None',551334935,None,'None','2013-04-20T19:09:11Z'
'Willie Aames','None',549036217,753665,'Ser Amantio di Nicolao','2013-04-06T19:02:53Z'
'Willie Aames','None',541428651,4754643,'Pinkadelica','2013-03-01T04:59:13Z'
'Willie Aames','None',541363292,6569922,'Addbot','2013-02-28T23:05:21Z'
'Willie Aames','None',539880203,13096171,'Sofffie7','2013-02-23T11:53:56Z'
'Willie Aames','None',539686012,17241549,'UNOwenNYC','2013-02-22T16:09:41Z'
'Willie Aames','None',536626910,2308770,'Johnpacklambert','2013-02-05T02:38:52Z'
'Willie Aames','None',536584743,2884580,'Wikimandia','2013-02-04T21:27:26Z'
'Willie Aames','None',535716325,118722,'Alansohn','2013-01-30T17:25:02Z'
'Willie Aames','None',534662159,16102038,'Dereistic','2013-01-24T15:09:08Z'
'Willie Aames','None',532220798,16609149,'Tahc','2013-01-09T18:35:59Z'
'Willie Aames','None',532220742,16609149,'Tahc','2013-01-09T18:35:37Z'
'Willie Aames','None',531110981,None,'None','2013-01-03T17:00:05Z'
'Willie Aames','None',530381223,18091331,'Redd Foxx 1991','2012-12-30T01:13:23Z'
'Willie Aames','None',528573351,None,'None','2012-12-18T02:29:26Z'
'Willie Aames','None',528241986,753665,'Ser Amantio di Nicolao','2012-12-16T01:41:17Z'
'Willie Aames','None',527072610,2308770,'Johnpacklambert','2012-12-08T20:34:44Z'
'Willie Aames','None',527072571,2308770,'Johnpacklambert','2012-12-08T20:34:23Z'
'Willie Aames','None',526712589,None,'None','2012-12-06T14:38:26Z'
'Willie Aames','None',526712273,None,'None','2012-12-06T14:36:25Z'
'Willie Aames','None',526712005,None,'None','2012-12-06T14:34:43Z'
'Willie Aames','None',526710586,None,'None','2012-12-06T14:26:45Z'
'Willie Aames','None',526710231,None,'None','2012-12-06T14:24:49Z'
'Willie Aames','None',521999906,17215358,'VIAFbot','2012-11-08T13:48:12Z'
'Willie Aames','None',509474199,10996774,'RjwilmsiBot','2012-08-27T18:44:44Z'
'Willie Aames','None',502981200,12376571,'JackHeslop91','2012-07-18T16:23:21Z'
'Willie Aames','None',502693868,None,'None','2012-07-16T22:06:09Z'
'Willie Aames','None',501634548,5605596,'Bde1982','2012-07-10T22:43:04Z'
'Willie Aames','None',499956693,487310,'Kintetsubuffalo','2012-06-29T19:54:44Z'
'Willie Aames','None',494048249,32005,'Timrollpickering','2012-05-23T20:57:25Z'
'Willie Aames','None',491403535,None,'None','2012-05-08T15:56:31Z'
'Willie Aames','None',491403475,None,'None','2012-05-08T15:56:16Z'
'Willie Aames','None',489974117,None,'None','2012-04-30T16:42:06Z'
'Willie Aames','None',488359659,None,'None','2012-04-20T16:51:10Z'
'Willie Aames','None',488039325,None,'None','2012-04-18T18:04:44Z'
'Willie Aames','None',485321856,None,'None','2012-04-03T11:48:52Z'
'Willie Aames','None',485007484,None,'None','2012-04-01T15:36:57Z'
'Willie Aames','None',485005886,None,'None','2012-04-01T15:25:37Z'
'Willie Aames','None',485004281,None,'None','2012-04-01T15:13:05Z'
'Willie Aames','None',485002675,None,'None','2012-04-01T14:59:57Z'
'Willie Aames','None',485000927,None,'None','2012-04-01T14:45:48Z'
'Willie Aames','None',484999303,None,'None','2012-04-01T14:31:48Z'
'Willie Aames','None',484998577,None,'None','2012-04-01T14:25:48Z'
'Willie Aames','None',484996576,None,'None','2012-04-01T14:07:47Z'
'Willie Aames','None',484996460,None,'None','2012-04-01T14:06:42Z'
'Willie Aames','None',484995739,None,'None','2012-04-01T13:59:54Z'
'Willie Aames','None',484995614,None,'None','2012-04-01T13:58:50Z'
'Willie Aames','None',484993728,None,'None','2012-04-01T13:42:04Z'
'Willie Aames','None',484992524,None,'None','2012-04-01T13:29:29Z'
'Willie Aames','None',484991421,None,'None','2012-04-01T13:18:27Z'
'Willie Aames','None',484990495,None,'None','2012-04-01T13:09:52Z'
'Willie Aames','None',484990348,None,'None','2012-04-01T13:08:23Z'
'Willie Aames','None',484989852,None,'None','2012-04-01T13:03:01Z'
'Willie Aames','None',484989713,None,'None','2012-04-01T13:01:40Z'
'Willie Aames','None',484989577,None,'None','2012-04-01T13:00:32Z'
'Willie Aames','None',484989477,None,'None','2012-04-01T12:59:39Z'
'Willie Aames','None',482881928,1804951,'Jarmothefinn','2012-03-20T11:35:38Z'
'Willie Aames','None',481050925,713860,'Wizardman','2012-03-09T19:37:53Z'
'Willie Aames','None',480789657,796079,'NJZombie','2012-03-08T05:36:30Z'
'Willie Aames','None',480788006,1068855,'Blackash','2012-03-08T05:19:57Z'
'Willie Aames','None',478904182,None,'None','2012-02-26T06:44:16Z'
'Willie Aames','None',478904097,None,'None','2012-02-26T06:43:23Z'
'Willie Aames','None',476144789,796079,'NJZombie','2012-02-10T17:14:44Z'
'Willie Aames','None',476144465,None,'None','2012-02-10T17:12:14Z'
'Willie Aames','None',476144078,None,'None','2012-02-10T17:09:15Z'
'Willie Aames','None',476144017,None,'None','2012-02-10T17:08:50Z'
'Willie Aames','None',472031745,None,'None','2012-01-19T09:55:01Z'
'Willie Aames','None',471824901,796079,'NJZombie','2012-01-17T07:05:39Z'
'Willie Aames','None',467681314,82432,'Discospinster','2011-12-25T23:57:14Z'
'Willie Aames','None',466062732,7746575,'TopScumOne','2011-12-15T21:54:24Z'
'Willie Aames','None',454080246,None,'None','2011-10-05T14:59:36Z'
'Willie Aames','None',454080068,None,'None','2011-10-05T14:58:25Z'
'Willie Aames','None',448959861,6862624,'Noozgroop','2011-09-07T16:33:11Z'
'Willie Aames','None',447896850,None,'None','2011-09-01T18:26:42Z'
'Willie Aames','None',447259082,8220906,'Millahnna','2011-08-29T05:06:03Z'
'Willie Aames','None',445853247,None,'None','2011-08-20T17:52:09Z'
'Willie Aames','None',444294162,None,'None','2011-08-11T17:13:58Z'
'Willie Aames','None',444291857,None,'None','2011-08-11T16:57:35Z'
'Willie Aames','None',440862079,1499324,'JustAGal','2011-07-22T17:40:40Z'
'Willie Aames','None',431538988,None,'None','2011-05-29T20:16:43Z'
'Willie Aames','None',431282713,1553464,'Windows72106','2011-05-28T03:30:11Z'
'Willie Aames','None',416218978,25241,'Nufy8','2011-02-27T16:02:22Z'
'Willie Aames','None',416215346,None,'None','2011-02-27T15:35:35Z'
'Willie Aames','None',413159176,None,'None','2011-02-10T19:40:53Z'
'Willie Aames','None',413158806,None,'None','2011-02-10T19:38:56Z'
'Willie Aames','None',412706554,251289,'Tedder','2011-02-08T11:36:58Z'
'Willie Aames','None',412701829,6463015,'Floeticsoulchild','2011-02-08T10:53:32Z'
'Willie Aames','None',412429548,5047767,'Rodhullandemu','2011-02-06T22:30:46Z'
'Willie Aames','None',412424309,6463015,'Floeticsoulchild','2011-02-06T21:59:48Z'
'Willie Aames','None',401380565,1645842,'Mack2','2010-12-09T03:18:27Z'
'Willie Aames','None',400367568,9806113,'Tinton5','2010-12-03T20:25:07Z'
'Willie Aames','None',400366511,9806113,'Tinton5','2010-12-03T20:18:18Z'
'Willie Aames','None',399660475,822549,'SMasters','2010-11-30T05:03:05Z'
'Willie Aames','None',399465736,None,'None','2010-11-29T04:58:47Z'
'Willie Aames','None',396544082,7328338,'Yobot','2010-11-13T17:46:16Z'
'Willie Aames','None',393129320,13088834,'KarlsenBot','2010-10-27T03:32:49Z'
'Willie Aames','None',392524555,None,'None','2010-10-24T02:34:07Z'
'Willie Aames','None',392276174,203434,'Rjwilmsi','2010-10-22T20:00:17Z'
'Willie Aames','None',386909052,None,'None','2010-09-25T10:23:09Z'
'Willie Aames','None',386908638,None,'None','2010-09-25T10:19:35Z'
'Willie Aames','None',386908352,None,'None','2010-09-25T10:16:43Z'
'Willie Aames','None',386908196,None,'None','2010-09-25T10:15:13Z'
'Willie Aames','None',386197805,204692,'Nightscream','2010-09-21T23:43:11Z'
'Willie Aames','None',386197754,204692,'Nightscream','2010-09-21T23:42:50Z'
'Willie Aames','None',385867582,None,'None','2010-09-20T06:55:31Z'
'Willie Aames','None',385867536,None,'None','2010-09-20T06:55:06Z'
'Willie Aames','None',385867489,None,'None','2010-09-20T06:54:40Z'
'Willie Aames','None',383413327,7328338,'Yobot','2010-09-07T08:14:47Z'
'Willie Aames','None',382266271,9089258,'LucienBOT','2010-09-01T12:04:15Z'
'Willie Aames','None',382123553,6289403,'Ost316','2010-08-31T19:07:54Z'
'Willie Aames','None',380578211,433328,'SmackBot','2010-08-23T21:50:37Z'
'Willie Aames','None',373367698,None,'None','2010-07-14T02:00:23Z'
'Willie Aames','None',373157381,None,'None','2010-07-12T22:24:07Z'
'Willie Aames','None',371305508,None,'None','2010-07-02T02:06:50Z'
'Willie Aames','None',369400695,2845607,'Donmike10','2010-06-21T18:10:20Z'
'Willie Aames','None',366317469,3605171,'Ckrinsky','2010-06-06T05:52:28Z'
'Willie Aames','None',359292754,None,'None','2010-04-30T17:47:08Z'
'Willie Aames','None',354727082,2327349,'Paulmcdonald','2010-04-08T11:31:41Z'
'Willie Aames','None',354701784,None,'None','2010-04-08T07:16:17Z'
'Willie Aames','None',350125149,None,'None','2010-03-16T01:57:16Z'
'Willie Aames','None',347384922,None,'None','2010-03-02T22:23:35Z'
'Willie Aames','None',347237600,None,'None','2010-03-02T04:38:10Z'
'Willie Aames','None',345702610,2327349,'Paulmcdonald','2010-02-22T18:15:14Z'
'Willie Aames','None',336356223,7320905,'Luckas-bot','2010-01-07T07:01:53Z'
'Willie Aames','None',336150543,None,'None','2010-01-06T05:41:58Z'
'Willie Aames','None',335305243,None,'None','2010-01-01T17:05:39Z'
'Willie Aames','None',329748306,39836,'Rossrs','2009-12-04T22:02:44Z'
'Willie Aames','None',329165720,39836,'Rossrs','2009-12-02T02:30:06Z'
'Willie Aames','None',327383614,5081272,'EoGuy','2009-11-23T00:47:32Z'
'Willie Aames','None',327062748,4754643,'Pinkadelica','2009-11-21T05:22:36Z'
'Willie Aames','None',325946367,6364784,'Bishopfrank','2009-11-15T08:17:40Z'
'Willie Aames','None',325943013,8893615,'Thorfacepunch','2009-11-15T07:44:14Z'
'Willie Aames','None',324810298,None,'None','2009-11-09T09:09:08Z'
'Willie Aames','None',324481796,4928500,'ClueBot','2009-11-07T16:45:08Z'
'Willie Aames','None',324481781,None,'None','2009-11-07T16:45:04Z'
'Willie Aames','None',324479394,3066338,'Xjritter','2009-11-07T16:27:30Z'
'Willie Aames','None',324394404,9625857,'Wikiguy09','2009-11-07T02:51:25Z'
'Willie Aames','None',324394300,9625857,'Wikiguy09','2009-11-07T02:50:28Z'
'Willie Aames','None',324393224,9625857,'Wikiguy09','2009-11-07T02:40:40Z'
'Willie Aames','None',324393173,9625857,'Wikiguy09','2009-11-07T02:40:10Z'
'Willie Aames','None',324393020,9625857,'Wikiguy09','2009-11-07T02:38:48Z'
'Willie Aames','None',324355936,None,'None','2009-11-06T22:10:47Z'
'Willie Aames','None',324128474,106331,'Bill Conn','2009-11-05T18:54:37Z'
'Willie Aames','None',324110060,None,'None','2009-11-05T17:05:28Z'
'Willie Aames','None',319007500,None,'None','2009-10-10T04:58:10Z'
'Willie Aames','None',318187254,5401267,'Jeremiestrother','2009-10-06T04:07:28Z'
'Willie Aames','None',318187076,5401267,'Jeremiestrother','2009-10-06T04:05:45Z'
'Willie Aames','None',315852973,152983,'Dismas','2009-09-24T04:27:14Z'
'Willie Aames','None',313613602,433328,'SmackBot','2009-09-13T18:16:04Z'
'Willie Aames','None',309461208,2422899,'USN1977','2009-08-22T18:11:30Z'
'Willie Aames','None',301710117,9806113,'Tinton5','2009-07-12T16:01:24Z'
'Willie Aames','None',299675662,None,'None','2009-07-01T11:28:05Z'
'Willie Aames','None',298190150,70142,'Ukexpat','2009-06-23T20:01:44Z'
'Willie Aames','None',297210040,9806113,'Tinton5','2009-06-18T18:49:49Z'
'Willie Aames','None',297210012,9806113,'Tinton5','2009-06-18T18:49:39Z'
'Willie Aames','None',292482112,4477315,'Polbot','2009-05-26T17:39:43Z'
'Willie Aames','None',291013714,None,'None','2009-05-19T19:57:59Z'
'Willie Aames','None',291013187,None,'None','2009-05-19T19:55:26Z'
'Willie Aames','None',290158788,7320905,'Luckas-bot','2009-05-15T20:05:59Z'
'Willie Aames','None',288948982,None,'None','2009-05-09T21:53:07Z'
'Willie Aames','None',283189390,7503508,'Wheeler0152','2009-04-11T15:31:20Z'
'Willie Aames','None',282288013,433328,'SmackBot','2009-04-07T06:44:19Z'
'Willie Aames','None',282266864,8158242,'JimVC3','2009-04-07T03:52:16Z'
'Willie Aames','None',281860008,4754643,'Pinkadelica','2009-04-05T08:11:27Z'
'Willie Aames','None',280421974,433328,'SmackBot','2009-03-29T14:29:24Z'
'Willie Aames','None',280129639,None,'None','2009-03-28T01:45:56Z'
'Willie Aames','None',280099510,None,'None','2009-03-27T22:35:13Z'
'Willie Aames','None',280070137,8426063,'Shojego','2009-03-27T19:55:45Z'
'Willie Aames','None',280017114,4597057,'Aolrnin','2009-03-27T14:55:27Z'
'Willie Aames','None',280011367,1995307,'Mjrmtg','2009-03-27T14:19:54Z'
'Willie Aames','None',280010760,None,'None','2009-03-27T14:15:28Z'
'Willie Aames','None',280007038,414695,'Elliskev','2009-03-27T13:49:14Z'
'Willie Aames','None',279931047,4044722,'Ryan2845','2009-03-27T02:46:28Z'
'Willie Aames','None',279867333,None,'None','2009-03-26T20:30:34Z'
'Willie Aames','None',279845851,None,'None','2009-03-26T18:37:56Z'
'Willie Aames','None',279845709,None,'None','2009-03-26T18:37:18Z'
'Willie Aames','None',270276350,753665,'Ser Amantio di Nicolao','2009-02-12T19:18:32Z'
'Willie Aames','None',267913129,1215485,'Cydebot','2009-02-01T22:24:06Z'
'Willie Aames','None',265687395,None,'None','2009-01-22T12:19:50Z'
'Willie Aames','None',265622787,None,'None','2009-01-22T02:30:01Z'
'Willie Aames','None',264244757,494762,'Info lover','2009-01-15T12:44:48Z'
'Willie Aames','None',264244630,None,'None','2009-01-15T12:43:40Z'
'Willie Aames','None',263379127,None,'None','2009-01-11T14:15:02Z'
'Willie Aames','None',261362646,1657874,'Trezjr','2009-01-02T01:27:23Z'
'Willie Aames','None',261360710,None,'None','2009-01-02T01:15:28Z'
'Willie Aames','None',261236623,4754643,'Pinkadelica','2009-01-01T08:03:49Z'
'Willie Aames','None',257750884,713860,'Wizardman','2008-12-13T19:41:57Z'
'Willie Aames','None',254483847,7821053,'E-I-E-I-Oh','2008-11-27T20:44:19Z'
'Willie Aames','None',254446378,7821053,'E-I-E-I-Oh','2008-11-27T16:59:03Z'
'Willie Aames','None',251970370,3658625,'Synthebot','2008-11-15T15:27:04Z'
'Willie Aames','None',248283548,4802550,'Jimmy Slade','2008-10-28T22:04:05Z'
'Willie Aames','None',248282438,4802550,'Jimmy Slade','2008-10-28T21:58:17Z'
'Willie Aames','None',238650097,7178666,'Lightbot','2008-09-15T19:49:16Z'
'Willie Aames','None',236922101,None,'None','2008-09-07T20:06:36Z'
'Willie Aames','None',227935366,None,'None','2008-07-26T01:27:27Z'
'Willie Aames','None',225769207,None,'None','2008-07-15T09:09:41Z'
'Willie Aames','None',224656756,152983,'Dismas','2008-07-09T21:02:08Z'
'Willie Aames','None',224118092,2964546,'Idioma-bot','2008-07-07T11:45:50Z'
'Willie Aames','None',220497672,1019933,'Billy Hathorn','2008-06-20T03:57:42Z'
'Willie Aames','None',220497546,1019933,'Billy Hathorn','2008-06-20T03:56:40Z'
'Willie Aames','None',220497152,1019933,'Billy Hathorn','2008-06-20T03:53:38Z'
'Willie Aames','None',210192713,5792322,'Razorflame','2008-05-04T22:15:31Z'
'Willie Aames','None',209519233,None,'None','2008-05-01T18:59:27Z'
'Willie Aames','None',209115709,None,'None','2008-04-29T23:37:45Z'
'Willie Aames','None',205600624,5905649,'Leofric1','2008-04-14T18:12:02Z'
'Willie Aames','None',204177874,383155,'Black-Velvet','2008-04-08T09:21:03Z'
'Willie Aames','None',204176839,383155,'Black-Velvet','2008-04-08T09:09:57Z'
'Willie Aames','None',204176794,383155,'Black-Velvet','2008-04-08T09:09:26Z'
'Willie Aames','None',204166032,383155,'Black-Velvet','2008-04-08T06:38:20Z'
'Willie Aames','None',202379456,2202727,'PAK Man','2008-03-31T20:47:10Z'
'Willie Aames','None',202379209,2202727,'PAK Man','2008-03-31T20:46:08Z'
'Willie Aames','None',201354137,None,'None','2008-03-27T16:36:34Z'
'Willie Aames','None',201353944,None,'None','2008-03-27T16:35:44Z'
'Willie Aames','None',200856399,5870894,'Thehelpfulone','2008-03-25T18:40:11Z'
'Willie Aames','None',199839301,6505923,'Kbdankbot','2008-03-21T15:12:15Z'
'Willie Aames','None',199120010,None,'None','2008-03-18T17:00:28Z'
'Willie Aames','None',199119451,None,'None','2008-03-18T16:57:59Z'
'Willie Aames','None',198704462,5564738,'Monobi','2008-03-16T20:47:54Z'
'Willie Aames','None',197244015,None,'None','2008-03-10T15:18:10Z'
'Willie Aames','None',195542737,None,'None','2008-03-03T13:04:58Z'
'Willie Aames','None',190663656,None,'None','2008-02-11T17:49:32Z'
'Willie Aames','None',189695349,None,'None','2008-02-07T08:55:05Z'
'Willie Aames','None',188514132,None,'None','2008-02-02T01:56:18Z'
'Willie Aames','None',187704550,None,'None','2008-01-29T15:35:19Z'
'Willie Aames','None',186376584,None,'None','2008-01-23T17:17:41Z'
'Willie Aames','None',186131038,None,'None','2008-01-22T16:03:27Z'
'Willie Aames','None',185013017,None,'None','2008-01-17T17:26:47Z'
'Willie Aames','None',184190211,None,'None','2008-01-14T03:47:15Z'
'Willie Aames','None',184189962,None,'None','2008-01-14T03:45:35Z'
'Willie Aames','None',184141375,None,'None','2008-01-13T23:18:46Z'
'Willie Aames','None',180790425,1276024,'Lugnuts','2007-12-29T12:56:34Z'
'Willie Aames','None',178081922,718932,'AlbertGray','2007-12-15T15:10:06Z'
'Willie Aames','None',175395384,None,'None','2007-12-03T02:34:14Z'
'Willie Aames','None',173582135,1597144,'AnemoneProjectors','2007-11-24T23:52:19Z'
'Willie Aames','None',169799578,152892,'RyanGerbil10','2007-11-07T06:04:56Z'
'Willie Aames','None',169334091,None,'None','2007-11-05T07:51:33Z'
'Willie Aames','None',167856249,1215485,'Cydebot','2007-10-29T15:33:28Z'
'Willie Aames','None',161993799,None,'None','2007-10-03T11:40:49Z'
'Willie Aames','None',161113515,55582,'Geni','2007-09-29T13:35:10Z'
'Willie Aames','None',160226245,433328,'SmackBot','2007-09-25T11:08:38Z'
'Willie Aames','None',155686295,None,'None','2007-09-04T19:31:24Z'
'Willie Aames','None',154378958,36389,'David Gerard','2007-08-29T13:07:59Z'
'Willie Aames','None',153534378,1381068,'Casliber','2007-08-25T11:31:50Z'
'Willie Aames','None',150896838,1920915,'IronCrow','2007-08-13T04:43:10Z'
'Willie Aames','None',147360003,795279,'Guat6','2007-07-27T01:48:28Z'
'Willie Aames','None',147359970,795279,'Guat6','2007-07-27T01:48:16Z'
'Willie Aames','None',145109652,4296971,'Oysterguitarist','2007-07-16T23:22:20Z'
'Willie Aames','None',144827010,4091267,'Æthelwold','2007-07-15T17:44:47Z'
'Willie Aames','None',141932542,764407,'Kuru','2007-07-02T03:10:44Z'
'Willie Aames','None',141917679,None,'None','2007-07-02T01:29:40Z'
'Willie Aames','None',141917485,None,'None','2007-07-02T01:28:19Z'
'Willie Aames','None',141917060,None,'None','2007-07-02T01:25:22Z'
'Willie Aames','None',141916930,None,'None','2007-07-02T01:24:35Z'
'Willie Aames','None',137954320,702940,'Either way','2007-06-13T18:34:25Z'
'Willie Aames','None',137950385,None,'None','2007-06-13T18:15:11Z'
'Willie Aames','None',130581646,3981822,'Brettfern','2007-05-13T18:04:53Z'
'Willie Aames','None',130349406,1616157,'Dr. Blofeld','2007-05-12T16:27:32Z'
'Willie Aames','None',125229929,None,'None','2007-04-23T17:38:41Z'
'Willie Aames','None',124973898,None,'None','2007-04-22T22:07:49Z'
'Willie Aames','None',124641067,None,'None','2007-04-21T17:29:52Z'
'Willie Aames','None',119504826,3891047,'EmxBot','2007-04-01T16:00:33Z'
'Willie Aames','None',119444470,None,'None','2007-04-01T07:47:59Z'
'Willie Aames','None',118661716,None,'None','2007-03-29T00:52:46Z'
'Willie Aames','None',118378654,None,'None','2007-03-27T22:46:05Z'
'Willie Aames','None',116426600,None,'None','2007-03-20T02:12:49Z'
'Willie Aames','None',104740735,1215485,'Cydebot','2007-02-01T02:01:21Z'
'Willie Aames','None',102815256,1372173,'Aldis90','2007-01-24T02:18:58Z'
'Willie Aames','None',102192701,None,'None','2007-01-21T11:03:51Z'
'Willie Aames','None',102192131,None,'None','2007-01-21T10:58:00Z'
'Willie Aames','None',102190930,None,'None','2007-01-21T10:45:21Z'
'Willie Aames','None',101918696,None,'None','2007-01-20T02:02:15Z'
'Willie Aames','None',101348712,264359,'Agamemnon2','2007-01-17T16:07:18Z'
'Willie Aames','None',99612588,164855,'Jpers36','2007-01-09T20:35:18Z'
'Willie Aames','None',99549813,621721,'OrphanBot','2007-01-09T13:03:26Z'
'Willie Aames','None',98913338,None,'None','2007-01-06T18:26:30Z'
'Willie Aames','None',95558028,2962595,'RJASE1','2006-12-20T18:18:01Z'
'Willie Aames','None',94825399,None,'None','2006-12-17T03:52:02Z'
'Willie Aames','None',94520415,1215485,'Cydebot','2006-12-15T15:34:22Z'
'Willie Aames','None',93087435,1262171,'Khatru2','2006-12-09T04:37:16Z'
'Willie Aames','None',92730240,1499324,'JustAGal','2006-12-07T17:17:56Z'
'Willie Aames','None',92390179,1272127,'Otto4711','2006-12-06T04:24:52Z'
'Willie Aames','None',92267116,None,'None','2006-12-05T18:19:15Z'
'Willie Aames','None',92020484,1575512,'RobotG','2006-12-04T16:40:08Z'
'Willie Aames','None',91927466,1215485,'Cydebot','2006-12-04T04:04:39Z'
'Willie Aames','None',91767366,410704,'Some guy','2006-12-03T10:50:44Z'
'Willie Aames','None',91385670,753246,'Kb2arizona','2006-12-01T15:02:11Z'
'Willie Aames','None',91385236,753246,'Kb2arizona','2006-12-01T14:59:25Z'
'Willie Aames','None',90364365,None,'None','2006-11-27T03:52:45Z'
'Willie Aames','None',90364024,None,'None','2006-11-27T03:50:37Z'
'Willie Aames','None',89539596,160819,'Jackel','2006-11-22T22:49:47Z'
'Willie Aames','None',88781860,64633,'Phil1988','2006-11-19T10:00:30Z'
'Willie Aames','None',88603841,395052,'T. Anthony','2006-11-18T11:21:54Z'
'Willie Aames','None',87142639,None,'None','2006-11-11T14:15:34Z'
'Willie Aames','None',87023039,None,'None','2006-11-10T22:05:52Z'
'Willie Aames','None',82590745,None,'None','2006-10-20T08:34:53Z'
'Willie Aames','None',80315086,1324179,'Alaibot','2006-10-09T00:01:51Z'
'Willie Aames','None',79775894,390151,'Jennyalice','2006-10-06T02:54:24Z'
'Willie Aames','None',79338760,1324179,'Alaibot','2006-10-03T22:19:05Z'
'Willie Aames','None',78131825,1575512,'RobotG','2006-09-27T16:55:43Z'
'Willie Aames','None',77417821,1301988,'Tdvance','2006-09-23T21:01:13Z'
'Willie Aames','None',77405320,None,'None','2006-09-23T19:42:47Z'
'Willie Aames','None',76875214,812298,'Jeromealden 85','2006-09-20T22:28:38Z'
'Willie Aames','None',76144273,1565479,'LarryHoward','2006-09-17T00:52:00Z'
'Willie Aames','None',74916856,302095,'Irk','2006-09-10T15:44:18Z'
'Willie Aames','None',71489785,683453,'EVula','2006-08-23T23:59:16Z'
'Willie Aames','None',69387847,67372,'HeartBurn Kid','2006-08-13T13:59:14Z'
'Willie Aames','None',69239493,1978465,'Jud383729','2006-08-12T17:26:39Z'
'Willie Aames','None',69136828,None,'None','2006-08-12T02:20:15Z'
'Willie Aames','None',68906182,1978465,'Jud383729','2006-08-10T22:30:49Z'
'Willie Aames','None',68473357,383746,'Lil Flip246','2006-08-08T20:51:06Z'
'Willie Aames','None',67285927,None,'None','2006-08-02T18:47:57Z'
'Willie Aames','None',65727492,1575512,'RobotG','2006-07-25T09:56:04Z'
'Willie Aames','None',65522228,1181045,'Chicheley','2006-07-24T09:31:34Z'
'Willie Aames','None',65293976,None,'None','2006-07-23T00:32:04Z'
'Willie Aames','None',64400409,68446,'Sam','2006-07-18T03:01:40Z'
'Willie Aames','None',64124360,483481,'Arniep','2006-07-16T15:21:03Z'
'Willie Aames','None',64056537,540552,'Justforasecond','2006-07-16T02:47:04Z'
'Willie Aames','None',63086313,302095,'Irk','2006-07-10T18:33:55Z'
'Willie Aames','None',55878272,1262171,'Khatru2','2006-05-30T05:57:54Z'
'Willie Aames','None',55790926,1215485,'Cydebot','2006-05-29T20:03:54Z'
'Willie Aames','None',53799638,1444428,'Etaon','2006-05-18T03:17:12Z'
'Willie Aames','None',53020993,294714,'Kyorosuke','2006-05-13T17:16:04Z'
'Willie Aames','None',52778012,99037,'Longhair','2006-05-12T03:22:55Z'
'Willie Aames','None',51369464,116289,'Ommnomnomgulp','2006-05-03T14:44:58Z'
'Willie Aames','None',51369298,116289,'Ommnomnomgulp','2006-05-03T14:43:23Z'
'Willie Aames','None',51369165,116289,'Ommnomnomgulp','2006-05-03T14:42:05Z'
'Willie Aames','None',50642724,None,'None','2006-04-28T21:03:32Z'
'Willie Aames','None',50642550,None,'None','2006-04-28T21:02:33Z'
'Willie Aames','None',49352440,198074,'Bunchofgrapes','2006-04-20T22:11:46Z'
'Willie Aames','None',49344723,1219606,'Ronsmutny','2006-04-20T21:17:12Z'
'Willie Aames','None',44633914,68446,'Sam','2006-03-20T08:46:21Z'
'Willie Aames','None',41469317,None,'None','2006-02-27T15:39:55Z'
'Willie Aames','None',41375908,966896,'Pegasus1138','2006-02-26T22:57:04Z'
'Willie Aames','None',36381709,271372,'Chanlyn','2006-01-23T18:01:06Z'
'Willie Aames','None',35193857,308788,'LiniShu','2006-01-14T22:04:15Z'
'Willie Aames','None',35193770,308788,'LiniShu','2006-01-14T22:03:24Z'
'Willie Aames','None',34288906,23407,'Carlossuarez46','2006-01-07T22:24:49Z'
'Willie Aames','None',33766967,604893,'MisterHand','2006-01-03T21:51:27Z'
'Willie Aames','None',33664436,596098,'Former user 20','2006-01-03T00:47:57Z'
'Willie Aames','None',32618832,None,'None','2005-12-24T19:37:34Z'
'Willie Aames','None',31860756,548095,'Questors','2005-12-18T17:03:04Z'
'Willie Aames','None',31860730,548095,'Questors','2005-12-18T17:02:49Z'
'Willie Aames','None',31387366,203786,'Tim!','2005-12-14T22:42:12Z'
'Willie Aames','None',29846615,185795,'Liface','2005-12-01T22:13:47Z'
'Willie Aames','None',29572048,236608,'Alhutch','2005-11-29T07:52:41Z'
'Willie Aames','None',25800695,None,'None','2005-10-18T04:30:54Z'
'Willie Aames','None',25706298,2376,'Zoe','2005-10-17T02:40:49Z'
'Willie Aames','None',25706260,None,'None','2005-10-17T02:40:14Z'
'Willie Aames','None',25706012,None,'None','2005-10-17T02:35:36Z'
'Willie Aames','None',25705876,None,'None','2005-10-17T02:33:17Z'
'Willie Aames','None',23684418,None,'None','2005-09-21T16:59:53Z'
'Willie Aames','None',23192953,7402,'Tregoweth','2005-09-14T00:31:59Z'
'Willie Aames','None',23185204,198074,'Bunchofgrapes','2005-09-13T21:52:20Z'
'Willie Aames','None',22816734,194464,'Jack Cox','2005-09-08T03:23:40Z'
'Willie Aames','None',21688030,None,'None','2005-08-24T00:11:31Z'
'Willie Aames','None',20860385,18048,'K1Bond007','2005-08-12T15:59:13Z'
'Willie Aames','None',20666181,7402,'Tregoweth','2005-08-10T02:49:35Z'
'Willie Aames','None',20452483,8968,'Mcfly85','2005-08-07T03:58:37Z'
'Willie Aames','None',20390431,298408,'MarcK','2005-08-06T05:17:58Z'
'Willie Aames','None',19421016,346661,'Acetic Acid','2005-07-23T04:17:23Z'
'Willie Aames','None',18610180,None,'None','2005-07-11T17:07:57Z'
'Willie Aames','None',16148177,218465,'TrafficBenBoy','2005-05-29T00:58:46Z'
'Willie Aames','None',14381963,245843,'Phatcat68','2005-05-26T02:20:30Z'
'Willie Aames','None',14244621,86247,'Xezbeth','2005-05-18T07:00:25Z'
'Willie Aames','None',13872672,88624,'Collier626','2005-05-08T10:40:13Z'
'Willie Aames','None',13420598,86422,'Erolos','2004-12-25T20:21:15Z'
'Willie Aames','None',8813169,85042,'YUL89YYZ','2004-11-15T19:09:38Z'
'Willie Aames','None',7496083,85042,'YUL89YYZ','2004-11-15T19:09:21Z'
'Willie Aames','None',7496074,7872,'Jimfbleak','2004-07-06T18:04:09Z'
'Willie Aames','None',4475129,8029,'Docu','2004-02-21T14:03:17Z'
'Willie Aames','None',2470029,16924,'Maximus Rex','2003-10-21T05:16:59Z'
'Willie Aames','None',1599685,16924,'Maximus Rex','2003-07-21T16:10:51Z'
'Willie Aames','None',811823246,None,'None','2017-11-24T06:16:16Z'
'Willie Aames','None',803762613,196446,'BD2412','2017-10-04T13:32:56Z'
'Willie Aames','None',802385471,2327349,'Paulmcdonald','2017-09-25T21:01:01Z'
'Willie Aames','None',799733022,31892694,'CelenaSkaggs','2017-09-09T14:38:12Z'
'Willie Aames','None',793521701,30342179,'Strawberriez','2017-08-02T08:28:03Z'
'Willie Aames','None',792110012,4720513,'Moe1810','2017-07-24T14:28:58Z'
'Willie Aames','None',792109874,4720513,'Moe1810','2017-07-24T14:27:56Z'
'Willie Aames','None',792109803,4720513,'Moe1810','2017-07-24T14:27:23Z'
'Willie Aames','None',792109743,4720513,'Moe1810','2017-07-24T14:26:58Z'
'Willie Aames','None',792109545,4720513,'Moe1810','2017-07-24T14:25:28Z'
'Willie Aames','None',787727357,18057899,'I am One of Many','2017-06-27T05:35:08Z'
'Willie Aames','None',787727314,None,'None','2017-06-27T05:34:31Z'
'Willie Aames','None',777703010,12360729,'Wikidude10000','2017-04-28T19:16:31Z'
'Willie Aames','None',750916997,19255892,'Eneri1953','2016-11-22T06:15:35Z'
'Willie Aames','None',749258684,7611264,'AnomieBOT','2016-11-13T09:59:49Z'
'Willie Aames','None',744863350,19634782,'Ghinozzi-nissim','2016-10-17T22:02:23Z'
'Willie Aames','None',744477135,19634782,'Ghinozzi-nissim','2016-10-15T13:34:15Z'
'Willie Aames','None',743358375,28903366,'Bender the Bot','2016-10-09T08:28:23Z'
'Willie Aames','None',742208389,25052795,'My Chemistry romantic','2016-10-02T09:30:04Z'
'Willie Aames','None',742062499,None,'None','2016-10-01T13:16:18Z'
'Willie Aames','None',742058044,None,'None','2016-10-01T12:26:38Z'
'Willie Aames','None',741440929,14054348,'Vincelord','2016-09-27T14:31:45Z'
'Willie Aames','None',740580409,None,'None','2016-09-21T23:51:40Z'
'Willie Aames','None',733155931,4071608,'WereSpielChequers','2016-08-05T19:40:31Z'
'Willie Aames','None',731243222,9806113,'Tinton5','2016-07-24T01:57:11Z'
'Willie Aames','None',730266451,2254673,'Wowaconia','2016-07-17T22:01:55Z'
'Willie Aames','None',729701624,24420788,'KasparBot','2016-07-14T00:02:06Z'
'Willie Aames','None',727075849,5865511,'JasonAQuest','2016-06-26T13:48:39Z'
'Willie Aames','None',722283959,7686562,'Ddlfan','2016-05-27T02:45:37Z'
'Willie Aames','None',722227841,4720513,'Moe1810','2016-05-26T19:14:48Z'
'Willie Aames','None',716795207,7852030,'Materialscientist','2016-04-23T22:45:02Z'
'Willie Aames','None',716769112,None,'None','2016-04-23T19:04:46Z'
'Willie Aames','None',710112223,None,'None','2016-03-15T01:09:25Z'
'Willie Aames','None',709740260,141808,'RJFJR','2016-03-12T20:10:30Z'
'Willie Aames','None',702807056,24420788,'KasparBot','2016-02-01T19:56:17Z'
'Willie Aames','None',697207431,7611264,'AnomieBOT','2015-12-29T00:14:04Z'
'Willie Aames','None',697205076,1381068,'Casliber','2015-12-28T23:53:55Z'
'Willie Aames','None',687241174,264323,'Bgwhite','2015-10-24T07:03:26Z'
'Willie Aames','None',687137187,None,'None','2015-10-23T14:47:44Z'
'Willie Aames','None',687133991,None,'None','2015-10-23T14:21:41Z'
'Willie Aames','None',685126616,26486488,'Annette3076','2015-10-11T00:11:00Z'
'Willie Aames','None',685126467,26486488,'Annette3076','2015-10-11T00:09:29Z'
'Willie Aames','None',671295408,12374079,'Unreal7','2015-07-13T19:17:23Z'
'Willie Aames','None',671112011,4342643,'Mjeromee','2015-07-12T14:25:34Z'
'Willie Aames','None',671032298,1349228,'Ebyabe','2015-07-11T23:05:58Z'
'Willie Aames','None',671032286,None,'None','2015-07-11T23:05:46Z'
'Willie Aames','None',671032165,None,'None','2015-07-11T23:04:42Z'
'Willie Aames','None',671032119,1349228,'Ebyabe','2015-07-11T23:04:14Z'
'Willie Aames','None',671032045,None,'None','2015-07-11T23:03:17Z'
'Willie Aames','None',671032012,1349228,'Ebyabe','2015-07-11T23:02:55Z'
'Willie Aames','None',671031931,None,'None','2015-07-11T23:01:50Z'
'Willie Aames','None',671031860,None,'None','2015-07-11T23:00:54Z'
'Willie Aames','None',669677037,23498277,'Joseph2302','2015-07-02T19:41:15Z'
'Willie Aames','None',669676955,25667657,'Willie Aames','2015-07-02T19:40:31Z'
'Willie Aames','None',669676834,23498277,'Joseph2302','2015-07-02T19:39:29Z'
'Willie Aames','None',669676783,25667657,'Willie Aames','2015-07-02T19:39:02Z'
'Willie Aames','None',669676570,25667657,'Willie Aames','2015-07-02T19:37:21Z'
'Willie Aames','None',669675661,25667657,'Willie Aames','2015-07-02T19:30:06Z'
'Willie Aames','None',669674071,25667657,'Willie Aames','2015-07-02T19:16:19Z'
'Willie Aames','None',669673975,25667657,'Willie Aames','2015-07-02T19:15:37Z'
'Willie Aames','None',669673843,25667657,'Willie Aames','2015-07-02T19:14:41Z'
'Willie Aames','None',669673481,25667657,'Willie Aames','2015-07-02T19:11:47Z'
'Willie Aames','None',669673149,25667657,'Willie Aames','2015-07-02T19:08:52Z'
'Willie Aames','None',669670612,6871414,'Musdan77','2015-07-02T18:47:15Z'
'Willie Aames','None',669661342,None,'None','2015-07-02T17:29:51Z'
'Willie Aames','None',669509494,6871414,'Musdan77','2015-07-01T17:35:03Z'
'Willie Aames','None',669509394,6871414,'Musdan77','2015-07-01T17:34:00Z'
'Willie Aames','None',668482116,None,'None','2015-06-24T15:41:29Z'
'Willie Aames','None',668481861,None,'None','2015-06-24T15:39:26Z'
'Willie Aames','None',668421831,8619853,'Amaury','2015-06-24T05:02:52Z'
'Willie Aames','None',668420422,None,'None','2015-06-24T04:46:22Z'
'Willie Aames','None',668416002,None,'None','2015-06-24T03:59:45Z'
'Willie Aames','None',668344779,8619853,'Amaury','2015-06-23T20:04:16Z'
'Willie Aames','None',668344210,None,'None','2015-06-23T20:01:01Z'
'Willie Aames','None',662694387,271168,'Wavelength','2015-05-17T02:13:39Z'
'Willie Aames','None',658967540,None,'None','2015-04-24T09:58:33Z'
'Willie Aames','None',658967383,None,'None','2015-04-24T09:56:39Z'
'Willie Aames','None',658967275,None,'None','2015-04-24T09:55:21Z'
'Willie Aames','None',658925555,753665,'Ser Amantio di Nicolao','2015-04-24T01:28:29Z'
'Willie Aames','None',653072627,418355,'Entheta','2015-03-22T22:17:50Z'
'Willie Aames','None',649490042,None,'None','2015-03-02T04:51:53Z'
'Willie Aames','None',649489891,None,'None','2015-03-02T04:50:12Z'
'Willie Aames','None',641191650,None,'None','2015-01-06T04:53:00Z'
'Willie Aames','None',640130949,503067,'Yamaguchi先生','2014-12-29T19:35:22Z'
'Willie Aames','None',640124529,None,'None','2014-12-29T18:42:51Z'
'Willie Aames','None',632567243,None,'None','2014-11-05T15:38:14Z'
'Willie Aames','None',631886591,19613340,'MjolnirPants','2014-10-31T13:55:09Z'
'Willie Aames','None',631843257,None,'None','2014-10-31T03:31:48Z'
'Willie Aames','None',631843141,None,'None','2014-10-31T03:30:22Z'
'Willie Aames','None',629341920,None,'None','2014-10-12T19:37:35Z'
'Willie Aames','None',629341840,None,'None','2014-10-12T19:36:48Z'
'Willie Aames','None',622504646,17602232,'OcelotHod','2014-08-23T19:09:23Z'
'Willie Aames','None',617408883,11710129,'Solarra','2014-07-18T03:56:43Z'
'Willie Aames','None',615603212,196446,'BD2412','2014-07-04T18:12:24Z'
'Willie Aames','None',606965347,31706,'Auric','2014-05-04T00:32:53Z'
'Willie Aames','None',606965090,31706,'Auric','2014-05-04T00:29:56Z'
'Willie Aames','None',606964946,31706,'Auric','2014-05-04T00:28:17Z'
'Willie Aames','None',606587104,None,'None','2014-05-01T06:42:12Z'
'Willie Aames','None',606479344,16166519,'Pratyya Ghosh','2014-04-30T14:17:39Z'
'Willie Aames','None',605979155,7611264,'AnomieBOT','2014-04-27T02:56:21Z'
'Willie Aames','None',605977454,8158242,'JimVC3','2014-04-27T02:35:48Z'
'Willie Aames','None',605552815,7611264,'AnomieBOT','2014-04-24T03:10:22Z'
'Willie Aames','None',605550728,376014,'Rms125a@hotmail.com','2014-04-24T02:49:47Z'
'Willie Aames','None',604581746,None,'None','2014-04-17T11:27:45Z'
'Willie Aames','None',603216301,5615351,'Urbanchampion','2014-04-07T22:04:36Z'
'Willie Aames','None',603142375,7611264,'AnomieBOT','2014-04-07T12:17:24Z'
'Willie Aames','None',603140169,376014,'Rms125a@hotmail.com','2014-04-07T11:57:22Z'
'Willie Aames','None',602963055,4293477,'Flyer22 Reborn','2014-04-06T05:28:33Z'
'Willie Aames','None',602954111,None,'None','2014-04-06T03:26:43Z'
'Willie Aames','None',602953507,None,'None','2014-04-06T03:19:18Z'
'Willie Aames','None',602144231,13096125,'TYelliot','2014-03-31T18:12:22Z'
'Willie Aames','None',602144155,None,'None','2014-03-31T18:11:50Z'
'Willie Aames','None',602143776,13975403,'Widr','2014-03-31T18:09:04Z'
'Willie Aames','None',602143395,None,'None','2014-03-31T18:05:55Z'
'Willie Aames','None',601150264,None,'None','2014-03-25T05:03:48Z'
'Willie Aames','None',601150066,None,'None','2014-03-25T05:01:19Z'
'Willie Aames','None',601149928,None,'None','2014-03-25T04:59:29Z'
'Willie Aames','None',601149879,None,'None','2014-03-25T04:58:42Z'
'Willie Aames','None',601149815,None,'None','2014-03-25T04:57:28Z'
'Willie Aames','None',601149781,None,'None','2014-03-25T04:57:01Z'
'Willie Aames','None',601149641,None,'None','2014-03-25T04:55:14Z'
'Willie Aames','None',599054755,2832496,'Kolja21','2014-03-10T23:03:54Z'
'Willie Aames','None',597074494,14054348,'Vincelord','2014-02-25T14:48:37Z'
'Willie Aames','None',595146379,None,'None','2014-02-12T14:47:35Z'
'Willie Aames','None',594838503,10742916,'TexianPolitico','2014-02-10T15:45:42Z'
'Willie Aames','None',588355611,7701499,'Cavarrone','2013-12-30T11:30:41Z'
'Willie Aames','None',586878193,1657874,'Trezjr','2013-12-20T01:28:28Z'
'Willie Aames','None',586878015,1657874,'Trezjr','2013-12-20T01:26:33Z'
'Willie Aames','None',586821344,None,'None','2013-12-19T18:44:29Z'
'Willie Aames','None',586821226,None,'None','2013-12-19T18:43:47Z'
'Willie Aames','None',585362436,1657874,'Trezjr','2013-12-10T00:34:19Z'
'Willie Aames','None',585346834,None,'None','2013-12-09T22:30:15Z'
'Willie Aames','None',584714604,None,'None','2013-12-05T17:12:52Z'
'Willie Aames','None',576493784,2308770,'Johnpacklambert','2013-10-09T20:28:09Z'
'Willie Aames','None',570694065,754619,'BrownHairedGirl','2013-08-29T16:37:39Z'
'Willie Aames','None',570693949,754619,'BrownHairedGirl','2013-08-29T16:36:39Z'
'Willie Aames','None',570056409,7852030,'Materialscientist','2013-08-24T22:55:59Z'
'Willie Aames','None',570033595,None,'None','2013-08-24T19:21:24Z'
'Willie Aames','None',568142215,2308770,'Johnpacklambert','2013-08-12T00:23:48Z'
'Willie Aames','None',566792675,2308770,'Johnpacklambert','2013-08-02T00:53:59Z'
'Willie Aames','None',563409449,14882394,'MusikAnimal','2013-07-08T18:22:56Z'
'Willie Aames','None',563337378,2602832,'Aboutmovies','2013-07-08T06:15:09Z'
'Willie Aames','None',562057868,None,'None','2013-06-29T03:17:57Z'
'Willie Aames','None',557743455,None,'None','2013-05-31T21:39:45Z'
'Willie Aames','None',557444482,None,'None','2013-05-30T02:00:44Z'
'Willie Aames','None',556058901,None,'None','2013-05-21T05:40:28Z'
'Willie Aames','None',556058643,None,'None','2013-05-21T05:37:23Z'
'Willie Aames','None',555323938,5406486,'Equatorgator','2013-05-16T05:35:12Z'
'Willie Aames','None',555323877,5406486,'Equatorgator','2013-05-16T05:34:33Z'
'Willie Aames','None',555323669,5406486,'Equatorgator','2013-05-16T05:32:20Z'
'Willie Aames','None',551334935,None,'None','2013-04-20T19:09:11Z'
'Willie Aames','None',549036217,753665,'Ser Amantio di Nicolao','2013-04-06T19:02:53Z'
'Willie Aames','None',541428651,4754643,'Pinkadelica','2013-03-01T04:59:13Z'
'Willie Aames','None',541363292,6569922,'Addbot','2013-02-28T23:05:21Z'
'Willie Aames','None',539880203,13096171,'Sofffie7','2013-02-23T11:53:56Z'
'Willie Aames','None',539686012,17241549,'UNOwenNYC','2013-02-22T16:09:41Z'
'Willie Aames','None',536626910,2308770,'Johnpacklambert','2013-02-05T02:38:52Z'
'Willie Aames','None',536584743,2884580,'Wikimandia','2013-02-04T21:27:26Z'
'Willie Aames','None',535716325,118722,'Alansohn','2013-01-30T17:25:02Z'
'Willie Aames','None',534662159,16102038,'Dereistic','2013-01-24T15:09:08Z'
'Willie Aames','None',532220798,16609149,'Tahc','2013-01-09T18:35:59Z'
'Willie Aames','None',532220742,16609149,'Tahc','2013-01-09T18:35:37Z'
'Willie Aames','None',531110981,None,'None','2013-01-03T17:00:05Z'
'Willie Aames','None',530381223,18091331,'Redd Foxx 1991','2012-12-30T01:13:23Z'
'Willie Aames','None',528573351,None,'None','2012-12-18T02:29:26Z'
'Willie Aames','None',528241986,753665,'Ser Amantio di Nicolao','2012-12-16T01:41:17Z'
'Willie Aames','None',527072610,2308770,'Johnpacklambert','2012-12-08T20:34:44Z'
'Willie Aames','None',527072571,2308770,'Johnpacklambert','2012-12-08T20:34:23Z'
'Willie Aames','None',526712589,None,'None','2012-12-06T14:38:26Z'
'Willie Aames','None',526712273,None,'None','2012-12-06T14:36:25Z'
'Willie Aames','None',526712005,None,'None','2012-12-06T14:34:43Z'
'Willie Aames','None',526710586,None,'None','2012-12-06T14:26:45Z'
'Willie Aames','None',526710231,None,'None','2012-12-06T14:24:49Z'
'Willie Aames','None',521999906,17215358,'VIAFbot','2012-11-08T13:48:12Z'
'Willie Aames','None',509474199,10996774,'RjwilmsiBot','2012-08-27T18:44:44Z'
'Willie Aames','None',502981200,12376571,'JackHeslop91','2012-07-18T16:23:21Z'
'Willie Aames','None',502693868,None,'None','2012-07-16T22:06:09Z'
'Willie Aames','None',501634548,5605596,'Bde1982','2012-07-10T22:43:04Z'
'Willie Aames','None',499956693,487310,'Kintetsubuffalo','2012-06-29T19:54:44Z'
'Willie Aames','None',494048249,32005,'Timrollpickering','2012-05-23T20:57:25Z'
'Willie Aames','None',491403535,None,'None','2012-05-08T15:56:31Z'
'Willie Aames','None',491403475,None,'None','2012-05-08T15:56:16Z'
'Willie Aames','None',489974117,None,'None','2012-04-30T16:42:06Z'
'Willie Aames','None',488359659,None,'None','2012-04-20T16:51:10Z'
'Willie Aames','None',488039325,None,'None','2012-04-18T18:04:44Z'
'Willie Aames','None',485321856,None,'None','2012-04-03T11:48:52Z'
'Willie Aames','None',485007484,None,'None','2012-04-01T15:36:57Z'
'Willie Aames','None',485005886,None,'None','2012-04-01T15:25:37Z'
'Willie Aames','None',485004281,None,'None','2012-04-01T15:13:05Z'
'Willie Aames','None',485002675,None,'None','2012-04-01T14:59:57Z'
'Willie Aames','None',485000927,None,'None','2012-04-01T14:45:48Z'
'Willie Aames','None',484999303,None,'None','2012-04-01T14:31:48Z'
'Willie Aames','None',484998577,None,'None','2012-04-01T14:25:48Z'
'Willie Aames','None',484996576,None,'None','2012-04-01T14:07:47Z'
'Willie Aames','None',484996460,None,'None','2012-04-01T14:06:42Z'
'Willie Aames','None',484995739,None,'None','2012-04-01T13:59:54Z'
'Willie Aames','None',484995614,None,'None','2012-04-01T13:58:50Z'
'Willie Aames','None',484993728,None,'None','2012-04-01T13:42:04Z'
'Willie Aames','None',484992524,None,'None','2012-04-01T13:29:29Z'
'Willie Aames','None',484991421,None,'None','2012-04-01T13:18:27Z'
'Willie Aames','None',484990495,None,'None','2012-04-01T13:09:52Z'
'Willie Aames','None',484990348,None,'None','2012-04-01T13:08:23Z'
'Willie Aames','None',484989852,None,'None','2012-04-01T13:03:01Z'
'Willie Aames','None',484989713,None,'None','2012-04-01T13:01:40Z'
'Willie Aames','None',484989577,None,'None','2012-04-01T13:00:32Z'
'Willie Aames','None',484989477,None,'None','2012-04-01T12:59:39Z'
'Willie Aames','None',482881928,1804951,'Jarmothefinn','2012-03-20T11:35:38Z'
'Willie Aames','None',481050925,713860,'Wizardman','2012-03-09T19:37:53Z'
'Willie Aames','None',480789657,796079,'NJZombie','2012-03-08T05:36:30Z'
'Willie Aames','None',480788006,1068855,'Blackash','2012-03-08T05:19:57Z'
'Willie Aames','None',478904182,None,'None','2012-02-26T06:44:16Z'
'Willie Aames','None',478904097,None,'None','2012-02-26T06:43:23Z'
'Willie Aames','None',476144789,796079,'NJZombie','2012-02-10T17:14:44Z'
'Willie Aames','None',476144465,None,'None','2012-02-10T17:12:14Z'
'Willie Aames','None',476144078,None,'None','2012-02-10T17:09:15Z'
'Willie Aames','None',476144017,None,'None','2012-02-10T17:08:50Z'
'Willie Aames','None',472031745,None,'None','2012-01-19T09:55:01Z'
'Willie Aames','None',471824901,796079,'NJZombie','2012-01-17T07:05:39Z'
'Willie Aames','None',467681314,82432,'Discospinster','2011-12-25T23:57:14Z'
'Willie Aames','None',466062732,7746575,'TopScumOne','2011-12-15T21:54:24Z'
'Willie Aames','None',454080246,None,'None','2011-10-05T14:59:36Z'
'Willie Aames','None',454080068,None,'None','2011-10-05T14:58:25Z'
'Willie Aames','None',448959861,6862624,'Noozgroop','2011-09-07T16:33:11Z'
'Willie Aames','None',447896850,None,'None','2011-09-01T18:26:42Z'
'Willie Aames','None',447259082,8220906,'Millahnna','2011-08-29T05:06:03Z'
'Willie Aames','None',445853247,None,'None','2011-08-20T17:52:09Z'
'Willie Aames','None',444294162,None,'None','2011-08-11T17:13:58Z'
'Willie Aames','None',444291857,None,'None','2011-08-11T16:57:35Z'
'Willie Aames','None',440862079,1499324,'JustAGal','2011-07-22T17:40:40Z'
'Willie Aames','None',431538988,None,'None','2011-05-29T20:16:43Z'
'Willie Aames','None',431282713,1553464,'Windows72106','2011-05-28T03:30:11Z'
'Willie Aames','None',416218978,25241,'Nufy8','2011-02-27T16:02:22Z'
'Willie Aames','None',416215346,None,'None','2011-02-27T15:35:35Z'
'Willie Aames','None',413159176,None,'None','2011-02-10T19:40:53Z'
'Willie Aames','None',413158806,None,'None','2011-02-10T19:38:56Z'
'Willie Aames','None',412706554,251289,'Tedder','2011-02-08T11:36:58Z'
'Willie Aames','None',412701829,6463015,'Floeticsoulchild','2011-02-08T10:53:32Z'
'Willie Aames','None',412429548,5047767,'Rodhullandemu','2011-02-06T22:30:46Z'
'Willie Aames','None',412424309,6463015,'Floeticsoulchild','2011-02-06T21:59:48Z'
'Willie Aames','None',401380565,1645842,'Mack2','2010-12-09T03:18:27Z'
'Willie Aames','None',400367568,9806113,'Tinton5','2010-12-03T20:25:07Z'
'Willie Aames','None',400366511,9806113,'Tinton5','2010-12-03T20:18:18Z'
'Willie Aames','None',399660475,822549,'SMasters','2010-11-30T05:03:05Z'
'Willie Aames','None',399465736,None,'None','2010-11-29T04:58:47Z'
'Willie Aames','None',396544082,7328338,'Yobot','2010-11-13T17:46:16Z'
'Willie Aames','None',393129320,13088834,'KarlsenBot','2010-10-27T03:32:49Z'
'Willie Aames','None',392524555,None,'None','2010-10-24T02:34:07Z'
'Willie Aames','None',392276174,203434,'Rjwilmsi','2010-10-22T20:00:17Z'
'Willie Aames','None',386909052,None,'None','2010-09-25T10:23:09Z'
'Willie Aames','None',386908638,None,'None','2010-09-25T10:19:35Z'
'Willie Aames','None',386908352,None,'None','2010-09-25T10:16:43Z'
'Willie Aames','None',386908196,None,'None','2010-09-25T10:15:13Z'
'Willie Aames','None',386197805,204692,'Nightscream','2010-09-21T23:43:11Z'
'Willie Aames','None',386197754,204692,'Nightscream','2010-09-21T23:42:50Z'
'Willie Aames','None',385867582,None,'None','2010-09-20T06:55:31Z'
'Willie Aames','None',385867536,None,'None','2010-09-20T06:55:06Z'
'Willie Aames','None',385867489,None,'None','2010-09-20T06:54:40Z'
'Willie Aames','None',383413327,7328338,'Yobot','2010-09-07T08:14:47Z'
'Willie Aames','None',382266271,9089258,'LucienBOT','2010-09-01T12:04:15Z'
'Willie Aames','None',382123553,6289403,'Ost316','2010-08-31T19:07:54Z'
'Willie Aames','None',380578211,433328,'SmackBot','2010-08-23T21:50:37Z'
'Willie Aames','None',373367698,None,'None','2010-07-14T02:00:23Z'
'Willie Aames','None',373157381,None,'None','2010-07-12T22:24:07Z'
'Willie Aames','None',371305508,None,'None','2010-07-02T02:06:50Z'
'Willie Aames','None',369400695,2845607,'Donmike10','2010-06-21T18:10:20Z'
'Willie Aames','None',366317469,3605171,'Ckrinsky','2010-06-06T05:52:28Z'
'Willie Aames','None',359292754,None,'None','2010-04-30T17:47:08Z'
'Willie Aames','None',354727082,2327349,'Paulmcdonald','2010-04-08T11:31:41Z'
'Willie Aames','None',354701784,None,'None','2010-04-08T07:16:17Z'
'Willie Aames','None',350125149,None,'None','2010-03-16T01:57:16Z'
'Willie Aames','None',347384922,None,'None','2010-03-02T22:23:35Z'
'Willie Aames','None',347237600,None,'None','2010-03-02T04:38:10Z'
'Willie Aames','None',345702610,2327349,'Paulmcdonald','2010-02-22T18:15:14Z'
'Willie Aames','None',336356223,7320905,'Luckas-bot','2010-01-07T07:01:53Z'
'Willie Aames','None',336150543,None,'None','2010-01-06T05:41:58Z'
'Willie Aames','None',335305243,None,'None','2010-01-01T17:05:39Z'
'Willie Aames','None',329748306,39836,'Rossrs','2009-12-04T22:02:44Z'
'Willie Aames','None',329165720,39836,'Rossrs','2009-12-02T02:30:06Z'
'Willie Aames','None',327383614,5081272,'EoGuy','2009-11-23T00:47:32Z'
'Willie Aames','None',327062748,4754643,'Pinkadelica','2009-11-21T05:22:36Z'
'Willie Aames','None',325946367,6364784,'Bishopfrank','2009-11-15T08:17:40Z'
'Willie Aames','None',325943013,8893615,'Thorfacepunch','2009-11-15T07:44:14Z'
'Willie Aames','None',324810298,None,'None','2009-11-09T09:09:08Z'
'Willie Aames','None',324481796,4928500,'ClueBot','2009-11-07T16:45:08Z'
'Willie Aames','None',324481781,None,'None','2009-11-07T16:45:04Z'
'Willie Aames','None',324479394,3066338,'Xjritter','2009-11-07T16:27:30Z'
'Willie Aames','None',324394404,9625857,'Wikiguy09','2009-11-07T02:51:25Z'
'Willie Aames','None',324394300,9625857,'Wikiguy09','2009-11-07T02:50:28Z'
'Willie Aames','None',324393224,9625857,'Wikiguy09','2009-11-07T02:40:40Z'
'Willie Aames','None',324393173,9625857,'Wikiguy09','2009-11-07T02:40:10Z'
'Willie Aames','None',324393020,9625857,'Wikiguy09','2009-11-07T02:38:48Z'
'Willie Aames','None',324355936,None,'None','2009-11-06T22:10:47Z'
'Willie Aames','None',324128474,106331,'Bill Conn','2009-11-05T18:54:37Z'
'Willie Aames','None',324110060,None,'None','2009-11-05T17:05:28Z'
'Willie Aames','None',319007500,None,'None','2009-10-10T04:58:10Z'
'Willie Aames','None',318187254,5401267,'Jeremiestrother','2009-10-06T04:07:28Z'
'Willie Aames','None',318187076,5401267,'Jeremiestrother','2009-10-06T04:05:45Z'
'Willie Aames','None',315852973,152983,'Dismas','2009-09-24T04:27:14Z'
'Willie Aames','None',313613602,433328,'SmackBot','2009-09-13T18:16:04Z'
'Willie Aames','None',309461208,2422899,'USN1977','2009-08-22T18:11:30Z'
'Willie Aames','None',301710117,9806113,'Tinton5','2009-07-12T16:01:24Z'
'Willie Aames','None',299675662,None,'None','2009-07-01T11:28:05Z'
'Willie Aames','None',298190150,70142,'Ukexpat','2009-06-23T20:01:44Z'
'Willie Aames','None',297210040,9806113,'Tinton5','2009-06-18T18:49:49Z'
'Willie Aames','None',297210012,9806113,'Tinton5','2009-06-18T18:49:39Z'
'Willie Aames','None',292482112,4477315,'Polbot','2009-05-26T17:39:43Z'
'Willie Aames','None',291013714,None,'None','2009-05-19T19:57:59Z'
'Willie Aames','None',291013187,None,'None','2009-05-19T19:55:26Z'
'Willie Aames','None',290158788,7320905,'Luckas-bot','2009-05-15T20:05:59Z'
'Willie Aames','None',288948982,None,'None','2009-05-09T21:53:07Z'
'Willie Aames','None',283189390,7503508,'Wheeler0152','2009-04-11T15:31:20Z'
'Willie Aames','None',282288013,433328,'SmackBot','2009-04-07T06:44:19Z'
'Willie Aames','None',282266864,8158242,'JimVC3','2009-04-07T03:52:16Z'
'Willie Aames','None',281860008,4754643,'Pinkadelica','2009-04-05T08:11:27Z'
'Willie Aames','None',280421974,433328,'SmackBot','2009-03-29T14:29:24Z'
'Willie Aames','None',280129639,None,'None','2009-03-28T01:45:56Z'
'Willie Aames','None',280099510,None,'None','2009-03-27T22:35:13Z'
'Willie Aames','None',280070137,8426063,'Shojego','2009-03-27T19:55:45Z'
'Willie Aames','None',280017114,4597057,'Aolrnin','2009-03-27T14:55:27Z'
'Willie Aames','None',280011367,1995307,'Mjrmtg','2009-03-27T14:19:54Z'
'Willie Aames','None',280010760,None,'None','2009-03-27T14:15:28Z'
'Willie Aames','None',280007038,414695,'Elliskev','2009-03-27T13:49:14Z'
'Willie Aames','None',279931047,4044722,'Ryan2845','2009-03-27T02:46:28Z'
'Willie Aames','None',279867333,None,'None','2009-03-26T20:30:34Z'
'Willie Aames','None',279845851,None,'None','2009-03-26T18:37:56Z'
'Willie Aames','None',279845709,None,'None','2009-03-26T18:37:18Z'
'Willie Aames','None',270276350,753665,'Ser Amantio di Nicolao','2009-02-12T19:18:32Z'
'Willie Aames','None',267913129,1215485,'Cydebot','2009-02-01T22:24:06Z'
'Willie Aames','None',265687395,None,'None','2009-01-22T12:19:50Z'
'Willie Aames','None',265622787,None,'None','2009-01-22T02:30:01Z'
'Willie Aames','None',264244757,494762,'Info lover','2009-01-15T12:44:48Z'
'Willie Aames','None',264244630,None,'None','2009-01-15T12:43:40Z'
'Willie Aames','None',263379127,None,'None','2009-01-11T14:15:02Z'
'Willie Aames','None',261362646,1657874,'Trezjr','2009-01-02T01:27:23Z'
'Willie Aames','None',261360710,None,'None','2009-01-02T01:15:28Z'
'Willie Aames','None',261236623,4754643,'Pinkadelica','2009-01-01T08:03:49Z'
'Willie Aames','None',257750884,713860,'Wizardman','2008-12-13T19:41:57Z'
'Willie Aames','None',254483847,7821053,'E-I-E-I-Oh','2008-11-27T20:44:19Z'
'Willie Aames','None',254446378,7821053,'E-I-E-I-Oh','2008-11-27T16:59:03Z'
'Willie Aames','None',251970370,3658625,'Synthebot','2008-11-15T15:27:04Z'
'Willie Aames','None',248283548,4802550,'Jimmy Slade','2008-10-28T22:04:05Z'
'Willie Aames','None',248282438,4802550,'Jimmy Slade','2008-10-28T21:58:17Z'
'Willie Aames','None',238650097,7178666,'Lightbot','2008-09-15T19:49:16Z'
'Willie Aames','None',236922101,None,'None','2008-09-07T20:06:36Z'
'Willie Aames','None',227935366,None,'None','2008-07-26T01:27:27Z'
'Willie Aames','None',225769207,None,'None','2008-07-15T09:09:41Z'
'Willie Aames','None',224656756,152983,'Dismas','2008-07-09T21:02:08Z'
'Willie Aames','None',224118092,2964546,'Idioma-bot','2008-07-07T11:45:50Z'
'Willie Aames','None',220497672,1019933,'Billy Hathorn','2008-06-20T03:57:42Z'
'Willie Aames','None',220497546,1019933,'Billy Hathorn','2008-06-20T03:56:40Z'
'Willie Aames','None',220497152,1019933,'Billy Hathorn','2008-06-20T03:53:38Z'
'Willie Aames','None',210192713,5792322,'Razorflame','2008-05-04T22:15:31Z'
'Willie Aames','None',209519233,None,'None','2008-05-01T18:59:27Z'
'Willie Aames','None',209115709,None,'None','2008-04-29T23:37:45Z'
'Willie Aames','None',205600624,5905649,'Leofric1','2008-04-14T18:12:02Z'
'Willie Aames','None',204177874,383155,'Black-Velvet','2008-04-08T09:21:03Z'
'Willie Aames','None',204176839,383155,'Black-Velvet','2008-04-08T09:09:57Z'
'Willie Aames','None',204176794,383155,'Black-Velvet','2008-04-08T09:09:26Z'
'Willie Aames','None',204166032,383155,'Black-Velvet','2008-04-08T06:38:20Z'
'Willie Aames','None',202379456,2202727,'PAK Man','2008-03-31T20:47:10Z'
'Willie Aames','None',202379209,2202727,'PAK Man','2008-03-31T20:46:08Z'
'Willie Aames','None',201354137,None,'None','2008-03-27T16:36:34Z'
'Willie Aames','None',201353944,None,'None','2008-03-27T16:35:44Z'
'Willie Aames','None',200856399,5870894,'Thehelpfulone','2008-03-25T18:40:11Z'
'Willie Aames','None',199839301,6505923,'Kbdankbot','2008-03-21T15:12:15Z'
'Willie Aames','None',199120010,None,'None','2008-03-18T17:00:28Z'
'Willie Aames','None',199119451,None,'None','2008-03-18T16:57:59Z'
'Willie Aames','None',198704462,5564738,'Monobi','2008-03-16T20:47:54Z'
'Willie Aames','None',197244015,None,'None','2008-03-10T15:18:10Z'
'Willie Aames','None',195542737,None,'None','2008-03-03T13:04:58Z'
'Willie Aames','None',190663656,None,'None','2008-02-11T17:49:32Z'
'Willie Aames','None',189695349,None,'None','2008-02-07T08:55:05Z'
'Willie Aames','None',188514132,None,'None','2008-02-02T01:56:18Z'
'Willie Aames','None',187704550,None,'None','2008-01-29T15:35:19Z'
'Willie Aames','None',186376584,None,'None','2008-01-23T17:17:41Z'
'Willie Aames','None',186131038,None,'None','2008-01-22T16:03:27Z'
'Willie Aames','None',185013017,None,'None','2008-01-17T17:26:47Z'
'Willie Aames','None',184190211,None,'None','2008-01-14T03:47:15Z'
'Willie Aames','None',184189962,None,'None','2008-01-14T03:45:35Z'
'Willie Aames','None',184141375,None,'None','2008-01-13T23:18:46Z'
'Willie Aames','None',180790425,1276024,'Lugnuts','2007-12-29T12:56:34Z'
'Willie Aames','None',178081922,718932,'AlbertGray','2007-12-15T15:10:06Z'
'Willie Aames','None',175395384,None,'None','2007-12-03T02:34:14Z'
'Willie Aames','None',173582135,1597144,'AnemoneProjectors','2007-11-24T23:52:19Z'
'Willie Aames','None',169799578,152892,'RyanGerbil10','2007-11-07T06:04:56Z'
'Willie Aames','None',169334091,None,'None','2007-11-05T07:51:33Z'
'Willie Aames','None',167856249,1215485,'Cydebot','2007-10-29T15:33:28Z'
'Willie Aames','None',161993799,None,'None','2007-10-03T11:40:49Z'
'Willie Aames','None',161113515,55582,'Geni','2007-09-29T13:35:10Z'
'Willie Aames','None',160226245,433328,'SmackBot','2007-09-25T11:08:38Z'
'Willie Aames','None',155686295,None,'None','2007-09-04T19:31:24Z'
'Willie Aames','None',154378958,36389,'David Gerard','2007-08-29T13:07:59Z'
'Willie Aames','None',153534378,1381068,'Casliber','2007-08-25T11:31:50Z'
'Willie Aames','None',150896838,1920915,'IronCrow','2007-08-13T04:43:10Z'
'Willie Aames','None',147360003,795279,'Guat6','2007-07-27T01:48:28Z'
'Willie Aames','None',147359970,795279,'Guat6','2007-07-27T01:48:16Z'
'Willie Aames','None',145109652,4296971,'Oysterguitarist','2007-07-16T23:22:20Z'
'Willie Aames','None',144827010,4091267,'Æthelwold','2007-07-15T17:44:47Z'
'Willie Aames','None',141932542,764407,'Kuru','2007-07-02T03:10:44Z'
'Willie Aames','None',141917679,None,'None','2007-07-02T01:29:40Z'
'Willie Aames','None',141917485,None,'None','2007-07-02T01:28:19Z'
'Willie Aames','None',141917060,None,'None','2007-07-02T01:25:22Z'
'Willie Aames','None',141916930,None,'None','2007-07-02T01:24:35Z'
'Willie Aames','None',137954320,702940,'Either way','2007-06-13T18:34:25Z'
'Willie Aames','None',137950385,None,'None','2007-06-13T18:15:11Z'
'Willie Aames','None',130581646,3981822,'Brettfern','2007-05-13T18:04:53Z'
'Willie Aames','None',130349406,1616157,'Dr. Blofeld','2007-05-12T16:27:32Z'
'Willie Aames','None',125229929,None,'None','2007-04-23T17:38:41Z'
'Willie Aames','None',124973898,None,'None','2007-04-22T22:07:49Z'
'Willie Aames','None',124641067,None,'None','2007-04-21T17:29:52Z'
'Willie Aames','None',119504826,3891047,'EmxBot','2007-04-01T16:00:33Z'
'Willie Aames','None',119444470,None,'None','2007-04-01T07:47:59Z'
'Willie Aames','None',118661716,None,'None','2007-03-29T00:52:46Z'
'Willie Aames','None',118378654,None,'None','2007-03-27T22:46:05Z'
'Willie Aames','None',116426600,None,'None','2007-03-20T02:12:49Z'
'Willie Aames','None',104740735,1215485,'Cydebot','2007-02-01T02:01:21Z'
'Willie Aames','None',102815256,1372173,'Aldis90','2007-01-24T02:18:58Z'
'Willie Aames','None',102192701,None,'None','2007-01-21T11:03:51Z'
'Willie Aames','None',102192131,None,'None','2007-01-21T10:58:00Z'
'Willie Aames','None',102190930,None,'None','2007-01-21T10:45:21Z'
'Willie Aames','None',101918696,None,'None','2007-01-20T02:02:15Z'
'Willie Aames','None',101348712,264359,'Agamemnon2','2007-01-17T16:07:18Z'
'Willie Aames','None',99612588,164855,'Jpers36','2007-01-09T20:35:18Z'
'Willie Aames','None',99549813,621721,'OrphanBot','2007-01-09T13:03:26Z'
'Willie Aames','None',98913338,None,'None','2007-01-06T18:26:30Z'
'Willie Aames','None',95558028,2962595,'RJASE1','2006-12-20T18:18:01Z'
'Willie Aames','None',94825399,None,'None','2006-12-17T03:52:02Z'
'Willie Aames','None',94520415,1215485,'Cydebot','2006-12-15T15:34:22Z'
'Willie Aames','None',93087435,1262171,'Khatru2','2006-12-09T04:37:16Z'
'Willie Aames','None',92730240,1499324,'JustAGal','2006-12-07T17:17:56Z'
'Willie Aames','None',92390179,1272127,'Otto4711','2006-12-06T04:24:52Z'
'Willie Aames','None',92267116,None,'None','2006-12-05T18:19:15Z'
'Willie Aames','None',92020484,1575512,'RobotG','2006-12-04T16:40:08Z'
'Willie Aames','None',91927466,1215485,'Cydebot','2006-12-04T04:04:39Z'
'Willie Aames','None',91767366,410704,'Some guy','2006-12-03T10:50:44Z'
'Willie Aames','None',91385670,753246,'Kb2arizona','2006-12-01T15:02:11Z'
'Willie Aames','None',91385236,753246,'Kb2arizona','2006-12-01T14:59:25Z'
'Willie Aames','None',90364365,None,'None','2006-11-27T03:52:45Z'
'Willie Aames','None',90364024,None,'None','2006-11-27T03:50:37Z'
'Willie Aames','None',89539596,160819,'Jackel','2006-11-22T22:49:47Z'
'Willie Aames','None',88781860,64633,'Phil1988','2006-11-19T10:00:30Z'
'Willie Aames','None',88603841,395052,'T. Anthony','2006-11-18T11:21:54Z'
'Willie Aames','None',87142639,None,'None','2006-11-11T14:15:34Z'
'Willie Aames','None',87023039,None,'None','2006-11-10T22:05:52Z'
'Willie Aames','None',82590745,None,'None','2006-10-20T08:34:53Z'
'Willie Aames','None',80315086,1324179,'Alaibot','2006-10-09T00:01:51Z'
'Willie Aames','None',79775894,390151,'Jennyalice','2006-10-06T02:54:24Z'
'Willie Aames','None',79338760,1324179,'Alaibot','2006-10-03T22:19:05Z'
'Willie Aames','None',78131825,1575512,'RobotG','2006-09-27T16:55:43Z'
'Willie Aames','None',77417821,1301988,'Tdvance','2006-09-23T21:01:13Z'
'Willie Aames','None',77405320,None,'None','2006-09-23T19:42:47Z'
'Willie Aames','None',76875214,812298,'Jeromealden 85','2006-09-20T22:28:38Z'
'Willie Aames','None',76144273,1565479,'LarryHoward','2006-09-17T00:52:00Z'
'Willie Aames','None',74916856,302095,'Irk','2006-09-10T15:44:18Z'
'Willie Aames','None',71489785,683453,'EVula','2006-08-23T23:59:16Z'
'Willie Aames','None',69387847,67372,'HeartBurn Kid','2006-08-13T13:59:14Z'
'Willie Aames','None',69239493,1978465,'Jud383729','2006-08-12T17:26:39Z'
'Willie Aames','None',69136828,None,'None','2006-08-12T02:20:15Z'
'Willie Aames','None',68906182,1978465,'Jud383729','2006-08-10T22:30:49Z'
'Willie Aames','None',68473357,383746,'Lil Flip246','2006-08-08T20:51:06Z'
'Willie Aames','None',67285927,None,'None','2006-08-02T18:47:57Z'
'Willie Aames','None',65727492,1575512,'RobotG','2006-07-25T09:56:04Z'
'Willie Aames','None',65522228,1181045,'Chicheley','2006-07-24T09:31:34Z'
'Willie Aames','None',65293976,None,'None','2006-07-23T00:32:04Z'
'Willie Aames','None',64400409,68446,'Sam','2006-07-18T03:01:40Z'
'Willie Aames','None',64124360,483481,'Arniep','2006-07-16T15:21:03Z'
'Willie Aames','None',64056537,540552,'Justforasecond','2006-07-16T02:47:04Z'
'Willie Aames','None',63086313,302095,'Irk','2006-07-10T18:33:55Z'
'Willie Aames','None',55878272,1262171,'Khatru2','2006-05-30T05:57:54Z'
'Willie Aames','None',55790926,1215485,'Cydebot','2006-05-29T20:03:54Z'
'Willie Aames','None',53799638,1444428,'Etaon','2006-05-18T03:17:12Z'
'Willie Aames','None',53020993,294714,'Kyorosuke','2006-05-13T17:16:04Z'
'Willie Aames','None',52778012,99037,'Longhair','2006-05-12T03:22:55Z'
'Willie Aames','None',51369464,116289,'Ommnomnomgulp','2006-05-03T14:44:58Z'
'Willie Aames','None',51369298,116289,'Ommnomnomgulp','2006-05-03T14:43:23Z'
'Willie Aames','None',51369165,116289,'Ommnomnomgulp','2006-05-03T14:42:05Z'
'Willie Aames','None',50642724,None,'None','2006-04-28T21:03:32Z'
'Willie Aames','None',50642550,None,'None','2006-04-28T21:02:33Z'
