Remaining: 438 collecting now: 'Hussein of Jordan|2014-11-22T07:21:42Z.html' done in 1.4e-05 average: 1.4e-05
Remaining: 437 collecting now: 'Hussein of Jordan|2019-11-16T01:07:57Z.html' done in 0.51207 average: 0.256042
Remaining: 436 collecting now: 'U.S. Route 30 in Indiana|2012-05-18T12:39:14Z.html' done in 1.673026 average: 0.72837
Remaining: 435 collecting now: 'U.S. Route 30 in Indiana|2011-08-18T12:40:18Z.html' done in 0.07235 average: 0.564365
Remaining: 434 collecting now: 'Chachani|2016-02-28T19:24:58Z.html' done in 0.066642 average: 0.46482039999999997
Remaining: 433 collecting now: 'Hussein of Jordan|2017-11-29T01:12:11Z.html' done in 0.147575 average: 0.4119461666666666
Remaining: 432 collecting now: 'U.S. Route 30 in Indiana|2014-10-06T12:03:30Z.html' done in 1.877456 average: 0.6213047142857143
Remaining: 431 collecting now: 'Hussein of Jordan|2008-03-30T16:23:32Z.html' done in 0.308261 average: 0.58217425
Remaining: 430 collecting now: 'Fair dealing in United Kingdom law|2016-08-18T10:03:39Z.html' done in 0.317983 average: 0.5528196666666667
Remaining: 429 collecting now: 'Hussein of Jordan|2019-04-29T10:08:25Z.html' done in 0.305781 average: 0.5281157999999999
Remaining: 428 collecting now: 'Hussein of Jordan|2009-09-30T20:49:17Z.html' done in 1.75389 average: 0.6395498181818181
Remaining: 427 collecting now: 'Hussein of Jordan|2006-04-26T18:15:45Z.html' done in 0.344496 average: 0.614962
Remaining: 426 collecting now: 'U.S. Route 30 in Indiana|2016-06-10T18:12:30Z.html' done in 0.123173 average: 0.577132076923077
Remaining: 425 collecting now: 'Hussein of Jordan|2016-09-13T22:09:30Z.html' done in 0.18451 average: 0.549087642857143
Remaining: 424 collecting now: 'Chachani|2011-06-04T22:32:11Z.html' done in 0.695366 average: 0.5588395333333335
Remaining: 423 collecting now: 'Chachani|2016-03-23T23:53:36Z.html' done in 0.049161 average: 0.5269846250000001
Remaining: 422 collecting now: 'Chachani|2017-07-15T11:38:18Z.html' done in 0.131045 average: 0.5036940588235295
Remaining: 421 collecting now: 'Chachani|2018-04-04T01:13:37Z.html' done in 0.146058 average: 0.483825388888889
Remaining: 420 collecting now: 'Hussein of Jordan|2010-06-15T22:57:17Z.html' done in 0.130484 average: 0.46522847368421055
Remaining: 419 collecting now: 'Chachani|2014-03-29T14:40:22Z.html' done in 0.355554 average: 0.45974475000000004
Remaining: 418 collecting now: 'Hussein of Jordan|2012-08-20T20:46:07Z.html' done in 0.049093 average: 0.4401899047619048
Remaining: 417 collecting now: 'Hussein of Jordan|2015-06-22T12:35:09Z.html' done in 0.575877 average: 0.4463575
Remaining: 416 collecting now: 'Hussein of Jordan|2008-07-23T21:53:24Z.html' done in 0.705357 average: 0.45761834782608696
Remaining: 415 collecting now: 'Roderigo Lopez|2017-06-07T19:39:24Z.html' done in 0.305011 average: 0.45125970833333334
Remaining: 414 collecting now: 'Roderigo Lopez|2006-11-17T16:03:49Z.html' done in 0.438304 average: 0.45074148
Remaining: 413 collecting now: 'Hussein of Jordan|2010-02-17T17:51:59Z.html' done in 0.080957 average: 0.436519
Remaining: 412 collecting now: 'U.S. Route 30 in Indiana|2009-09-27T04:03:32Z.html' done in 0.415205 average: 0.4357295925925926
Remaining: 411 collecting now: 'Chachani|2006-04-22T09:58:37Z.html' done in 0.064064 average: 0.42245582142857147
Remaining: 410 collecting now: 'Hussein of Jordan|2019-12-21T15:27:48Z.html' done in 0.024357 average: 0.408728275862069
Remaining: 409 collecting now: 'Hussein of Jordan|2003-12-23T23:24:56Z.html' done in 1.961908 average: 0.4605009333333333
Remaining: 408 collecting now: 'Chachani|2010-03-12T11:12:04Z.html' done in 0.246964 average: 0.45361264516129035
Remaining: 407 collecting now: 'Roderigo Lopez|2013-04-18T22:19:50Z.html' done in 0.066571 average: 0.44151759375
Remaining: 406 collecting now: 'Chachani|2009-04-24T23:06:20Z.html' done in 0.091352 average: 0.4309065151515152
Remaining: 405 collecting now: 'Roderigo Lopez|2006-01-28T02:58:00Z.html' done in 0.072872 average: 0.42037608823529415
Remaining: 404 collecting now: 'U.S. Route 30 in Indiana|2010-10-30T18:39:43Z.html' done in 0.086927 average: 0.4108489714285714
Remaining: 403 collecting now: 'Hussein of Jordan|2018-09-28T01:16:09Z.html' done in 0.117561 average: 0.40270208333333335
Remaining: 402 collecting now: 'Roderigo Lopez|2011-06-14T14:06:13Z.html' done in 1.938849 average: 0.44421956756756753
Remaining: 401 collecting now: 'Hussein of Jordan|2008-02-26T04:37:31Z.html' done in 0.056399 average: 0.4340137631578947
Remaining: 400 collecting now: 'Hussein of Jordan|2005-07-27T14:59:51Z.html' done in 0.224546 average: 0.42864279487179485
Remaining: 399 collecting now: 'Roderigo Lopez|2008-12-10T23:34:09Z.html' done in 0.086007 average: 0.4200768999999999
Remaining: 398 collecting now: 'Hussein of Jordan|2005-12-25T04:00:39Z.html' done in 0.070605 average: 0.41155319512195115
Remaining: 397 collecting now: 'Hussein of Jordan|2018-04-26T11:46:00Z.html' done in 0.119456 average: 0.4045984999999999
Remaining: 396 collecting now: 'Hussein of Jordan|2004-01-01T02:25:10Z.html' done in 2.50958 average: 0.4535515581395348
Remaining: 395 collecting now: 'Fair dealing in United Kingdom law|2011-12-17T08:34:54Z.html' done in 0.215571 average: 0.44814290909090904
Remaining: 394 collecting now: 'Roderigo Lopez|2009-06-16T20:50:18Z.html' done in 0.292961 average: 0.4446944222222222
Remaining: 393 collecting now: 'Chachani|2011-01-30T09:44:53Z.html' done in 0.055539 average: 0.4362345217391304
Remaining: 392 collecting now: 'Roderigo Lopez|2012-02-18T09:34:59Z.html' done in 0.04137 average: 0.4278331489361702
Remaining: 391 collecting now: 'Chachani|2013-02-25T18:29:08Z.html' done in 0.053998 average: 0.42004491666666666
Remaining: 390 collecting now: 'Roderigo Lopez|2009-01-23T19:13:41Z.html' done in 0.047304 average: 0.4124379591836735
Remaining: 389 collecting now: 'Hussein of Jordan|2015-12-23T19:36:25Z.html' done in 0.080141 average: 0.40579202000000003
Remaining: 388 collecting now: 'Hussein of Jordan|2006-06-30T02:41:20Z.html' done in 0.569888 average: 0.4090095882352941
Remaining: 387 collecting now: 'Hussein of Jordan|2016-06-18T05:53:21Z.html' done in 0.198717 average: 0.4049655
Remaining: 386 collecting now: 'Chachani|2019-05-30T21:26:57Z.html' done in 0.511462 average: 0.4069748679245283
Remaining: 385 collecting now: 'Hussein of Jordan|2005-01-28T13:05:32Z.html' done in 0.472362 average: 0.40818574074074077
Remaining: 384 collecting now: 'Hussein of Jordan|2016-02-23T13:01:37Z.html' done in 0.105948 average: 0.40269050909090914
Remaining: 383 collecting now: 'Hussein of Jordan|2004-02-12T21:10:11Z.html' done in 0.920915 average: 0.4119445178571429
Remaining: 382 collecting now: 'U.S. Route 30 in Indiana|2015-04-11T00:29:11Z.html' done in 0.351504 average: 0.41088415789473687
Remaining: 381 collecting now: 'Roderigo Lopez|2015-05-01T16:14:53Z.html' done in 0.335302 average: 0.4095810172413793
Remaining: 380 collecting now: 'Hussein of Jordan|2016-04-24T23:06:00Z.html' done in 0.047703 average: 0.4034474915254237
Remaining: 379 collecting now: 'Hussein of Jordan|2007-10-28T03:33:05Z.html' done in 0.578986 average: 0.4063731333333333
Remaining: 378 collecting now: 'Chachani|2006-06-06T18:35:23Z.html' done in 0.207111 average: 0.40310654098360654
Remaining: 377 collecting now: 'Roderigo Lopez|2013-06-16T09:46:24Z.html' done in 0.033018 average: 0.39713737096774193
Remaining: 376 collecting now: 'Hussein of Jordan|2013-04-29T19:05:03Z.html' done in 0.067857 average: 0.3919106984126984
Remaining: 375 collecting now: 'Hussein of Jordan|2005-02-17T20:53:33Z.html' done in 0.55278 average: 0.39442428124999995
Remaining: 374 collecting now: 'Hussein of Jordan|2013-05-30T21:13:37Z.html' done in 0.075814 average: 0.3895225846153846
Remaining: 373 collecting now: 'Hussein of Jordan|2006-02-27T17:34:30Z.html' done in 0.474809 average: 0.390814803030303
Remaining: 372 collecting now: 'Roderigo Lopez|2015-04-07T11:36:51Z.html' done in 0.183242 average: 0.3877167014925373
Remaining: 371 collecting now: 'Hussein of Jordan|2003-08-29T18:04:29Z.html' done in 0.078189 average: 0.3831648235294117
Remaining: 370 collecting now: 'Hussein of Jordan|2011-09-25T19:04:08Z.html' done in 0.073254 average: 0.3786733623188405
Remaining: 369 collecting now: 'Chachani|2007-02-11T04:28:19Z.html' done in 0.627863 average: 0.3822332142857142
Remaining: 368 collecting now: 'Hussein of Jordan|2015-07-25T14:25:19Z.html' done in 0.029605 average: 0.3772666197183098
Remaining: 367 collecting now: 'Hussein of Jordan|2017-01-28T06:51:40Z.html' done in 0.761475 average: 0.3826028472222222
Remaining: 366 collecting now: 'Roderigo Lopez|2006-10-03T00:59:46Z.html' done in 0.72049 average: 0.38723143835616436
Remaining: 365 collecting now: 'Roderigo Lopez|2008-05-16T14:22:25Z.html' done in 0.041265 average: 0.3825562162162162
Remaining: 364 collecting now: 'Roderigo Lopez|2020-01-08T18:48:22Z.html' done in 0.062487 average: 0.3782886266666667
Remaining: 363 collecting now: 'U.S. Route 30 in Indiana|2008-07-27T19:52:28Z.html' done in 0.272282 average: 0.37689380263157896
Remaining: 362 collecting now: 'Chachani|2006-11-22T15:51:36Z.html' done in 0.076948 average: 0.37299840259740263
Remaining: 361 collecting now: 'U.S. Route 30 in Indiana|2016-10-10T01:59:36Z.html' done in 0.031397 average: 0.36861889743589743
Remaining: 360 collecting now: 'Hussein of Jordan|2005-08-31T10:53:20Z.html' done in 0.196751 average: 0.36644335443037973
Remaining: 359 collecting now: 'U.S. Route 30 in Indiana|2012-09-17T12:58:50Z.html' done in 0.113629 average: 0.36328317499999996
Remaining: 358 collecting now: 'U.S. Route 30 in Indiana|2011-11-22T17:05:45Z.html' done in 0.243247 average: 0.36180124691358023
Remaining: 357 collecting now: 'Hussein of Jordan|2006-07-31T23:47:09Z.html' done in 0.112119 average: 0.3587563414634146
Remaining: 356 collecting now: 'Hussein of Jordan|2018-08-12T01:25:39Z.html' done in 0.242028 average: 0.35734997590361445
Remaining: 355 collecting now: 'Hussein of Jordan|2004-06-20T10:53:49Z.html' done in 2.315867 average: 0.3806656547619048
Remaining: 354 collecting now: 'Hussein of Jordan|2009-05-27T01:50:23Z.html' done in 0.17389 average: 0.378233
Remaining: 353 collecting now: 'Chachani|2007-10-18T19:08:55Z.html' done in 0.236574 average: 0.37658580232558136
Remaining: 352 collecting now: 'Hussein of Jordan|2004-09-26T15:44:38Z.html' done in 0.043362 average: 0.37275564367816094
Remaining: 351 collecting now: 'U.S. Route 30 in Indiana|2012-01-29T15:45:48Z.html' done in 0.128773 average: 0.36998311363636366
Remaining: 350 collecting now: 'Roderigo Lopez|2014-07-20T18:42:59Z.html' done in 0.087144 average: 0.36680514606741577
Remaining: 349 collecting now: 'Hussein of Jordan|2004-08-19T10:25:40Z.html' done in 0.054267 average: 0.36333250000000006
Remaining: 348 collecting now: 'Fair dealing in United Kingdom law|2014-10-04T22:03:45Z.html' done in 0.144863 average: 0.36093173626373637
Remaining: 347 collecting now: 'Roderigo Lopez|2017-09-23T15:26:10Z.html' done in 0.262229 average: 0.3598588804347827
Remaining: 346 collecting now: 'Hussein of Jordan|2017-09-29T09:02:45Z.html' done in 0.227735 average: 0.3584381935483872
Remaining: 345 collecting now: 'Hussein of Jordan|2013-06-16T03:51:27Z.html' done in 1.558408 average: 0.37120382978723415
Remaining: 344 collecting now: 'Hussein of Jordan|2005-05-31T20:38:25Z.html' done in 0.456971 average: 0.3721066421052633
Remaining: 343 collecting now: 'Chachani|2019-02-21T15:16:27Z.html' done in 0.090089 average: 0.36916895833333346
Remaining: 342 collecting now: 'Roderigo Lopez|2008-06-21T01:09:09Z.html' done in 0.138534 average: 0.36679127835051556
Remaining: 341 collecting now: 'U.S. Route 30 in Indiana|2018-12-12T18:03:13Z.html' done in 0.100514 average: 0.36407416326530617
Remaining: 340 collecting now: 'Roderigo Lopez|2018-07-25T21:20:52Z.html' done in 0.235799 average: 0.3627784545454546
Remaining: 339 collecting now: 'Roderigo Lopez|2016-06-05T01:19:30Z.html' done in 0.262796 average: 0.3617786300000001
Remaining: 338 collecting now: 'Hussein of Jordan|2016-10-03T09:43:22Z.html' done in 0.393904 average: 0.3620967029702971
Remaining: 337 collecting now: 'Hussein of Jordan|2003-07-06T21:36:00Z.html' done in 0.853025 average: 0.3669097254901962
Remaining: 336 collecting now: 'U.S. Route 30 in Indiana|2014-04-17T22:02:22Z.html' done in 0.052346 average: 0.36385570873786416
Remaining: 335 collecting now: 'Roderigo Lopez|2013-01-08T17:00:48Z.html' done in 0.294636 average: 0.3631901346153847
Remaining: 334 collecting now: 'Chachani|2011-03-14T16:44:46Z.html' done in 0.082082 average: 0.36051291428571436
Remaining: 333 collecting now: 'Chachani|2006-08-31T20:34:38Z.html' done in 0.115068 average: 0.35819739622641517
Remaining: 332 collecting now: 'Hussein of Jordan|2004-07-24T01:39:23Z.html' done in 0.049874 average: 0.3553158691588786
Remaining: 331 collecting now: 'Roderigo Lopez|2016-01-17T16:47:39Z.html' done in 0.191797 average: 0.3538018055555557
Remaining: 330 collecting now: 'U.S. Route 30 in Indiana|2015-05-23T17:00:34Z.html' done in 0.331358 average: 0.35359589908256894
Remaining: 329 collecting now: 'Hussein of Jordan|2006-03-31T19:26:14Z.html' done in 0.197427 average: 0.35217618181818194
Remaining: 328 collecting now: 'U.S. Route 30 in Indiana|2011-09-30T18:54:53Z.html' done in 0.147719 average: 0.35033422522522534
Remaining: 327 collecting now: 'Chachani|2018-12-10T12:03:38Z.html' done in 0.072162 average: 0.34785054464285725
Remaining: 326 collecting now: 'Hussein of Jordan|2012-12-31T08:53:46Z.html' done in 0.16279 average: 0.3462128407079647
Remaining: 325 collecting now: 'Chachani|2013-03-07T06:08:05Z.html' done in 0.566976 average: 0.3481493596491229
Remaining: 324 collecting now: 'U.S. Route 30 in Indiana|2008-06-30T04:57:42Z.html' done in 0.047702 average: 0.34553677391304355
Remaining: 323 collecting now: 'Chachani|2008-02-02T10:18:31Z.html' done in 0.083438 average: 0.34327730172413806
Remaining: 322 collecting now: 'Fair dealing in United Kingdom law|2015-08-04T10:11:59Z.html' done in 0.035262 average: 0.34064469230769245
Remaining: 321 collecting now: 'Hussein of Jordan|2010-11-30T09:54:51Z.html' done in 0.319561 average: 0.3404660169491527
Remaining: 320 collecting now: 'Hussein of Jordan|2019-02-07T22:40:13Z.html' done in 0.655371 average: 0.34311227731092453
Remaining: 319 collecting now: 'Roderigo Lopez|2007-08-22T12:07:29Z.html' done in 2.276059 average: 0.3592201666666668
Remaining: 318 collecting now: 'Hussein of Jordan|2010-03-09T11:37:05Z.html' done in 0.07232 average: 0.356849090909091
Remaining: 317 collecting now: 'Roderigo Lopez|2009-07-26T15:54:37Z.html' done in 0.435438 average: 0.35749326229508205
Remaining: 316 collecting now: 'U.S. Route 30 in Indiana|2019-11-30T20:56:50Z.html' done in 0.094989 average: 0.35535908130081306
Remaining: 315 collecting now: 'U.S. Route 30 in Indiana|2020-02-04T23:30:02Z.html' done in 0.257049 average: 0.3545662580645162
Remaining: 314 collecting now: 'Roderigo Lopez|2017-02-20T18:26:59Z.html' done in 0.211604 average: 0.3534225600000001
Remaining: 313 collecting now: 'Hussein of Jordan|2019-09-26T08:58:22Z.html' done in 0.296789 average: 0.3529730873015874
Remaining: 312 collecting now: 'Hussein of Jordan|2018-01-20T16:36:24Z.html' done in 2.163625 average: 0.36723018897637805
Remaining: 311 collecting now: 'Hussein of Jordan|2009-11-25T13:58:19Z.html' done in 1.725799 average: 0.3778440078125001
Remaining: 310 collecting now: 'Hussein of Jordan|2007-05-27T04:10:10Z.html' done in 0.370385 average: 0.3777861860465117
Remaining: 309 collecting now: 'Fair dealing in United Kingdom law|2011-08-26T16:30:32Z.html' done in 0.319391 average: 0.3773369923076924
Remaining: 308 collecting now: 'Chachani|2019-12-05T18:14:49Z.html' done in 0.41658 average: 0.37763655725190853
Remaining: 307 collecting now: 'Hussein of Jordan|2008-05-25T13:47:10Z.html' done in 0.53064 average: 0.3787956742424244
Remaining: 306 collecting now: 'Hussein of Jordan|2013-02-28T20:57:14Z.html' done in 0.416535 average: 0.37907942857142873
Remaining: 305 collecting now: 'Roderigo Lopez|2007-06-06T23:54:55Z.html' done in 0.555854 average: 0.3803986417910449
Remaining: 304 collecting now: 'Hussein of Jordan|2016-08-30T17:09:12Z.html' done in 0.068348 average: 0.37808715555555567
Remaining: 303 collecting now: 'Roderigo Lopez|2007-02-21T07:27:59Z.html' done in 0.517319 average: 0.37911091911764716
Remaining: 302 collecting now: 'U.S. Route 30 in Indiana|2008-05-10T07:07:32Z.html' done in 0.058712 average: 0.37677224087591255
Remaining: 301 collecting now: 'Roderigo Lopez|2010-04-29T20:18:33Z.html' done in 0.055802 average: 0.37444636956521754
Remaining: 300 collecting now: 'Roderigo Lopez|2007-04-24T04:18:30Z.html' done in 0.060501 average: 0.3721877697841728
Remaining: 299 collecting now: 'Chachani|2008-10-23T06:01:46Z.html' done in 0.054217 average: 0.3699165500000001
Remaining: 298 collecting now: 'Fair dealing in United Kingdom law|2016-10-19T10:49:53Z.html' done in 0.0362 average: 0.367549765957447
Remaining: 297 collecting now: 'Chachani|2019-07-07T02:54:28Z.html' done in 0.242721 average: 0.36667069014084525
Remaining: 296 collecting now: 'Chachani|2015-07-05T20:29:13Z.html' done in 0.285521 average: 0.36610320979021
Remaining: 295 collecting now: 'Chachani|2019-09-23T20:42:22Z.html' done in 0.040444 average: 0.3638416875000002
Remaining: 294 collecting now: 'Hussein of Jordan|2016-01-11T23:11:18Z.html' done in 0.307538 average: 0.36345338620689677
Remaining: 293 collecting now: 'U.S. Route 30 in Indiana|2013-08-12T14:25:56Z.html' done in 0.709432 average: 0.36582310273972624
Remaining: 292 collecting now: 'Hussein of Jordan|2008-01-31T18:06:53Z.html' done in 0.26284 average: 0.36512253741496614
Remaining: 291 collecting now: 'Hussein of Jordan|2009-10-27T22:22:51Z.html' done in 0.333298 average: 0.3649075067567569
Remaining: 290 collecting now: 'Chachani|2020-01-22T01:47:10Z.html' done in 0.540858 average: 0.3660883825503357
Remaining: 289 collecting now: 'Hussein of Jordan|2003-04-10T21:25:39Z.html' done in 0.390387 average: 0.3662503733333335
Remaining: 288 collecting now: 'U.S. Route 30 in Indiana|2012-04-07T13:35:38Z.html' done in 0.022146 average: 0.3639715364238412
Remaining: 287 collecting now: 'Hussein of Jordan|2008-12-18T20:53:43Z.html' done in 0.071684 average: 0.3620485921052633
Remaining: 286 collecting now: 'Fair dealing in United Kingdom law|2013-12-30T08:38:46Z.html' done in 0.224438 average: 0.36114917647058836
Remaining: 285 collecting now: 'Hussein of Jordan|2018-05-30T10:32:58Z.html' done in 0.276882 average: 0.3606019870129871
Remaining: 284 collecting now: 'Hussein of Jordan|2019-05-09T11:10:06Z.html' done in 1.846313 average: 0.37018721935483884
Remaining: 283 collecting now: 'Chachani|2007-08-26T23:21:10Z.html' done in 2.049655 average: 0.3809530384615386
Remaining: 282 collecting now: 'Hussein of Jordan|2009-08-31T06:38:05Z.html' done in 0.02415 average: 0.37868040764331223
Remaining: 281 collecting now: 'Chachani|2007-11-13T02:41:14Z.html' done in 0.352622 average: 0.37851548101265836
Remaining: 280 collecting now: 'Roderigo Lopez|2006-05-16T08:45:39Z.html' done in 0.035268 average: 0.37635669182389947
Remaining: 279 collecting now: 'Hussein of Jordan|2008-08-31T14:40:38Z.html' done in 0.054949 average: 0.3743478937500001
Remaining: 278 collecting now: 'Chachani|2011-05-11T18:46:52Z.html' done in 0.223834 average: 0.3734130248447206
Remaining: 277 collecting now: 'Roderigo Lopez|2015-08-19T11:17:01Z.html' done in 0.052885 average: 0.3714344567901236
Remaining: 276 collecting now: 'Fair dealing in United Kingdom law|2015-12-07T08:27:33Z.html' done in 0.207427 average: 0.3704282760736198
Remaining: 275 collecting now: 'U.S. Route 30 in Indiana|2010-07-24T22:21:03Z.html' done in 0.263684 average: 0.36977739634146356
Remaining: 274 collecting now: 'Roderigo Lopez|2017-04-26T09:26:54Z.html' done in 0.076126 average: 0.36799769090909107
Remaining: 273 collecting now: 'Chachani|2006-12-07T03:00:23Z.html' done in 0.261502 average: 0.3673561506024098
Remaining: 272 collecting now: 'Roderigo Lopez|2012-09-21T07:34:21Z.html' done in 0.025812 average: 0.36531097604790436
Remaining: 271 collecting now: 'Chachani|2016-11-18T21:54:26Z.html' done in 0.111675 average: 0.36380123809523823
Remaining: 270 collecting now: 'Hussein of Jordan|2010-07-20T22:31:34Z.html' done in 0.244508 average: 0.3630953609467457
Remaining: 269 collecting now: 'Hussein of Jordan|2017-07-22T07:40:39Z.html' done in 0.594344 average: 0.36445564705882366
Remaining: 268 collecting now: 'Hussein of Jordan|2007-09-24T08:53:16Z.html' done in 0.962763 average: 0.36795452046783644
Remaining: 267 collecting now: 'Hussein of Jordan|2011-01-31T21:21:38Z.html' done in 0.277445 average: 0.36742830232558155
Remaining: 266 collecting now: 'Roderigo Lopez|2017-12-01T22:58:45Z.html' done in 0.505269 average: 0.368225069364162
Remaining: 265 collecting now: 'Hussein of Jordan|2017-06-30T23:59:25Z.html' done in 0.230902 average: 0.3674358563218392
Remaining: 264 collecting now: 'Hussein of Jordan|2014-09-11T20:55:28Z.html' done in 0.57162 average: 0.368602622857143
Remaining: 263 collecting now: 'Chachani|2007-01-15T10:17:00Z.html' done in 0.46875 average: 0.3691716420454547
Remaining: 262 collecting now: 'Chachani|2017-05-28T16:28:41Z.html' done in 0.021395 average: 0.36720680225988717
Remaining: 261 collecting now: 'Hussein of Jordan|2015-05-29T12:25:34Z.html' done in 0.144545 average: 0.3659558932584271
Remaining: 260 collecting now: 'Chachani|2007-03-28T22:40:48Z.html' done in 0.636913 average: 0.367469620111732
Remaining: 259 collecting now: 'Roderigo Lopez|2007-01-23T17:47:14Z.html' done in 0.032305 average: 0.3656075944444446
Remaining: 258 collecting now: 'Roderigo Lopez|2016-08-25T18:13:45Z.html' done in 0.077942 average: 0.36401828176795586
Remaining: 257 collecting now: 'Roderigo Lopez|2013-02-27T13:47:35Z.html' done in 0.330025 average: 0.3638315054945056
Remaining: 256 collecting now: 'Roderigo Lopez|2019-10-22T16:49:43Z.html' done in 0.098982 average: 0.3623842404371586
Remaining: 255 collecting now: 'Chachani|2018-05-26T22:18:06Z.html' done in 0.332951 average: 0.36222427717391315
Remaining: 254 collecting now: 'Chachani|2012-04-18T22:07:21Z.html' done in 0.213356 average: 0.3614195837837839
Remaining: 253 collecting now: 'Hussein of Jordan|2005-04-30T11:18:38Z.html' done in 0.079419 average: 0.3599034516129034
Remaining: 252 collecting now: 'Hussein of Jordan|2017-04-30T07:11:50Z.html' done in 0.109839 average: 0.35856620855614985
Remaining: 251 collecting now: 'U.S. Route 30 in Indiana|2019-02-22T21:44:53Z.html' done in 0.553008 average: 0.3596004734042555
Remaining: 250 collecting now: 'Roderigo Lopez|2010-10-27T16:00:47Z.html' done in 0.189544 average: 0.3587007037037038
Remaining: 249 collecting now: 'Chachani|2009-01-06T17:02:40Z.html' done in 0.060963 average: 0.35713366315789485
Remaining: 248 collecting now: 'Hussein of Jordan|2014-02-25T09:54:48Z.html' done in 0.03565 average: 0.3554505026178012
Remaining: 247 collecting now: 'Hussein of Jordan|2011-08-31T15:13:05Z.html' done in 0.541606 average: 0.3564200625000002
Remaining: 246 collecting now: 'Hussein of Jordan|2011-06-20T16:02:57Z.html' done in 0.411678 average: 0.356706373056995
Remaining: 245 collecting now: 'Hussein of Jordan|2009-03-16T09:30:29Z.html' done in 0.409443 average: 0.3569782113402063
Remaining: 244 collecting now: 'Hussein of Jordan|2012-04-23T04:17:53Z.html' done in 0.223297 average: 0.3562926666666668
Remaining: 243 collecting now: 'Hussein of Jordan|2011-02-28T20:43:58Z.html' done in 0.465825 average: 0.35685150510204094
Remaining: 242 collecting now: 'Roderigo Lopez|2007-05-10T19:23:31Z.html' done in 0.485331 average: 0.3575036852791879
Remaining: 241 collecting now: 'Roderigo Lopez|2006-12-17T17:12:12Z.html' done in 0.062254 average: 0.35601252525252536
Remaining: 240 collecting now: 'Roderigo Lopez|2016-05-14T11:06:04Z.html' done in 0.050175 average: 0.35447565326633174
Remaining: 239 collecting now: 'Chachani|2019-08-20T08:19:26Z.html' done in 0.288193 average: 0.3541442400000001
Remaining: 238 collecting now: 'U.S. Route 30 in Indiana|2013-10-18T17:22:55Z.html' done in 0.393436 average: 0.3543397213930349
Remaining: 237 collecting now: 'Hussein of Jordan|2007-02-25T18:19:14Z.html' done in 0.154806 average: 0.35335193069306936
Remaining: 236 collecting now: 'Hussein of Jordan|2008-06-17T12:27:24Z.html' done in 0.309321 average: 0.35313502955665027
Remaining: 235 collecting now: 'Hussein of Jordan|2012-05-31T04:43:47Z.html' done in 0.2612 average: 0.35268436764705885
Remaining: 234 collecting now: 'Roderigo Lopez|2016-04-07T21:59:33Z.html' done in 0.573628 average: 0.35376214146341467
Remaining: 233 collecting now: 'Chachani|2006-03-31T20:10:04Z.html' done in 0.318404 average: 0.35359050000000003
Remaining: 232 collecting now: 'Hussein of Jordan|2012-11-28T20:05:23Z.html' done in 0.030189 average: 0.3520281739130435
Remaining: 231 collecting now: 'Hussein of Jordan|2006-01-30T18:23:50Z.html' done in 0.562003 average: 0.3530376682692308
Remaining: 230 collecting now: 'Hussein of Jordan|2018-12-30T19:38:51Z.html' done in 0.133327 average: 0.35198642105263156
Remaining: 229 collecting now: 'Fair dealing in United Kingdom law|2012-03-19T03:32:20Z.html' done in 1.596501 average: 0.357912680952381
Remaining: 228 collecting now: 'Chachani|2008-07-27T00:27:54Z.html' done in 0.245711 average: 0.35738091943127964
Remaining: 227 collecting now: 'U.S. Route 30 in Indiana|2006-07-31T19:56:16Z.html' done in 0.033063 average: 0.35585111792452834
Remaining: 226 collecting now: 'Roderigo Lopez|2019-09-08T00:53:52Z.html' done in 0.017535 average: 0.354262779342723
Remaining: 225 collecting now: 'Hussein of Jordan|2008-10-29T19:05:01Z.html' done in 0.297377 average: 0.3539969579439252
Remaining: 224 collecting now: 'Hussein of Jordan|2009-12-30T10:58:32Z.html' done in 0.305048 average: 0.353769288372093
Remaining: 223 collecting now: 'U.S. Route 30 in Indiana|2009-06-18T00:03:40Z.html' done in 0.549956 average: 0.35467756018518515
Remaining: 222 collecting now: 'U.S. Route 30 in Indiana|2018-07-13T05:47:03Z.html' done in 0.141611 average: 0.35369568663594464
Remaining: 221 collecting now: 'Roderigo Lopez|2011-10-06T21:02:36Z.html' done in 0.253415 average: 0.3532356834862385
Remaining: 220 collecting now: 'Hussein of Jordan|2010-08-26T05:00:03Z.html' done in 0.082876 average: 0.3520011643835616
Remaining: 219 collecting now: 'Chachani|2010-04-12T03:08:35Z.html' done in 0.570015 average: 0.3529921363636363
Remaining: 218 collecting now: 'Roderigo Lopez|2009-12-28T01:08:13Z.html' done in 0.040732 average: 0.3515791945701357
Remaining: 217 collecting now: 'Roderigo Lopez|2017-03-23T22:30:10Z.html' done in 0.052599 average: 0.3502324369369369
Remaining: 216 collecting now: 'U.S. Route 30 in Indiana|2008-04-02T09:04:52Z.html' done in 0.240773 average: 0.3497415874439462
Remaining: 215 collecting now: 'Roderigo Lopez|2010-11-17T23:30:45Z.html' done in 0.059962 average: 0.34844792857142853
Remaining: 214 collecting now: 'Hussein of Jordan|2008-09-30T13:47:44Z.html' done in 0.052404 average: 0.3471321777777777
Remaining: 213 collecting now: 'Hussein of Jordan|2015-02-24T05:17:36Z.html' done in 0.228211 average: 0.34660597787610614
Remaining: 212 collecting now: 'Hussein of Jordan|2012-06-19T20:07:05Z.html' done in 0.468397 average: 0.34714250220264314
Remaining: 211 collecting now: 'Hussein of Jordan|2014-08-26T23:27:45Z.html' done in 0.4048 average: 0.3473953859649122
Remaining: 210 collecting now: 'Hussein of Jordan|2011-07-16T11:33:18Z.html' done in 0.455204 average: 0.34786616593886455
Remaining: 209 collecting now: 'Hussein of Jordan|2013-08-29T02:49:40Z.html' done in 0.393701 average: 0.34806544782608684
Remaining: 208 collecting now: 'Hussein of Jordan|2015-03-31T16:28:59Z.html' done in 0.478168 average: 0.3486286623376622
Remaining: 207 collecting now: 'Hussein of Jordan|2012-07-27T21:21:26Z.html' done in 0.442419 average: 0.34903293103448263
Remaining: 206 collecting now: 'Hussein of Jordan|2016-05-28T15:09:04Z.html' done in 0.38946 average: 0.34920643776824023
Remaining: 205 collecting now: 'Hussein of Jordan|2009-01-29T22:54:35Z.html' done in 0.537119 average: 0.35000948290598277
Remaining: 204 collecting now: 'Hussein of Jordan|2019-03-17T17:24:37Z.html' done in 0.291949 average: 0.3497624170212765
Remaining: 203 collecting now: 'U.S. Route 30 in Indiana|2006-08-21T05:11:15Z.html' done in 2.076244 average: 0.3570780169491525
Remaining: 202 collecting now: 'Chachani|2012-05-03T18:20:02Z.html' done in 0.008215 average: 0.35560602109704637
Remaining: 201 collecting now: 'Roderigo Lopez|2013-05-23T21:26:52Z.html' done in 0.06049 average: 0.354366037815126
Remaining: 200 collecting now: 'Hussein of Jordan|2017-03-21T04:54:42Z.html' done in 0.063412 average: 0.3531486569037656
Remaining: 199 collecting now: 'Fair dealing in United Kingdom law|2013-02-24T22:43:49Z.html' done in 0.521346 average: 0.3538494791666666
Remaining: 198 collecting now: 'Hussein of Jordan|2008-11-28T13:08:52Z.html' done in 0.237257 average: 0.353365692946058
Remaining: 197 collecting now: 'Hussein of Jordan|2015-09-24T20:06:32Z.html' done in 0.187241 average: 0.3526792272727272
Remaining: 196 collecting now: 'Chachani|2015-01-30T12:10:21Z.html' done in 0.454072 average: 0.3530964814814814
Remaining: 195 collecting now: 'U.S. Route 30 in Indiana|2009-11-13T19:37:14Z.html' done in 0.052786 average: 0.35186570081967206
Remaining: 194 collecting now: 'Hussein of Jordan|2005-11-05T12:06:22Z.html' done in 0.0713 average: 0.35072053469387743
Remaining: 193 collecting now: 'Hussein of Jordan|2013-10-11T01:50:38Z.html' done in 0.158732 average: 0.34994009349593486
Remaining: 192 collecting now: 'Chachani|2008-04-30T15:10:38Z.html' done in 0.603259 average: 0.35096567611336016
Remaining: 191 collecting now: 'Roderigo Lopez|2015-09-07T15:43:56Z.html' done in 0.061041 average: 0.34979662499999986
Remaining: 190 collecting now: 'U.S. Route 30 in Indiana|2009-12-18T03:37:08Z.html' done in 0.320668 average: 0.349679642570281
Remaining: 189 collecting now: 'Chachani|2017-08-11T06:31:56Z.html' done in 0.091237 average: 0.34864587199999986
Remaining: 188 collecting now: 'Hussein of Jordan|2007-01-30T01:34:45Z.html' done in 0.211418 average: 0.3480991474103584
Remaining: 187 collecting now: 'Fair dealing in United Kingdom law|2019-12-27T11:41:48Z.html' done in 0.306271 average: 0.34793316269841257
Remaining: 186 collecting now: 'Roderigo Lopez|2008-03-01T04:13:26Z.html' done in 0.367498 average: 0.3480104940711461
Remaining: 185 collecting now: 'Hussein of Jordan|2010-05-31T19:45:46Z.html' done in 0.060501 average: 0.3468785669291337
Remaining: 184 collecting now: 'Chachani|2009-05-06T15:36:09Z.html' done in 0.373433 average: 0.3469827019607842
Remaining: 183 collecting now: 'Chachani|2015-03-04T13:41:50Z.html' done in 0.036197 average: 0.3457686953124999
Remaining: 182 collecting now: 'Chachani|2008-09-19T05:15:56Z.html' done in 0.046153 average: 0.3446028754863812
Remaining: 181 collecting now: 'Hussein of Jordan|2011-05-31T20:37:31Z.html' done in 0.033117 average: 0.3433955658914728
Remaining: 180 collecting now: 'Roderigo Lopez|2015-06-25T09:01:03Z.html' done in 0.394198 average: 0.3435917142857142
Remaining: 179 collecting now: 'Roderigo Lopez|2010-02-11T18:17:30Z.html' done in 0.047634 average: 0.3424534153846153
Remaining: 178 collecting now: 'Roderigo Lopez|2013-03-12T09:16:52Z.html' done in 0.062169 average: 0.3413795287356321
Remaining: 177 collecting now: 'Hussein of Jordan|2013-12-31T21:24:55Z.html' done in 0.057072 average: 0.3402943854961831
Remaining: 176 collecting now: 'Chachani|2015-02-14T23:01:29Z.html' done in 0.434924 average: 0.3406541939163497
Remaining: 175 collecting now: 'Hussein of Jordan|2009-02-28T20:12:42Z.html' done in 0.057483 average: 0.3395815757575757
Remaining: 174 collecting now: 'U.S. Route 30 in Indiana|2007-10-20T03:36:10Z.html' done in 0.205152 average: 0.33907429433962255
Remaining: 173 collecting now: 'U.S. Route 30 in Indiana|2013-12-20T02:36:32Z.html' done in 0.021148 average: 0.3378790827067668
Remaining: 172 collecting now: 'U.S. Route 30 in Indiana|2007-12-25T18:05:42Z.html' done in 0.166126 average: 0.3372358127340823
Remaining: 171 collecting now: 'Hussein of Jordan|2019-07-21T10:19:07Z.html' done in 0.023759 average: 0.33606612313432827
Remaining: 170 collecting now: 'U.S. Route 30 in Indiana|2017-05-12T12:31:18Z.html' done in 2.132347 average: 0.3427437472118958
Remaining: 169 collecting now: 'Chachani|2008-11-29T19:57:07Z.html' done in 0.158318 average: 0.3420606888888888
Remaining: 168 collecting now: 'Hussein of Jordan|2015-11-24T23:57:57Z.html' done in 0.031563 average: 0.3409149409594095
Remaining: 167 collecting now: 'Roderigo Lopez|2012-10-14T21:36:22Z.html' done in 0.461736 average: 0.3413591360294117
Remaining: 166 collecting now: 'Chachani|2010-12-05T18:13:43Z.html' done in 0.063085 average: 0.3403398168498168
Remaining: 165 collecting now: 'Roderigo Lopez|2011-11-25T10:39:28Z.html' done in 0.049687 average: 0.33927904014598537
Remaining: 164 collecting now: 'U.S. Route 30 in Indiana|2008-02-04T22:14:53Z.html' done in 0.063054 average: 0.33827458545454536
Remaining: 163 collecting now: 'Hussein of Jordan|2019-08-31T21:32:46Z.html' done in 0.057488 average: 0.3372572427536231
Remaining: 162 collecting now: 'Fair dealing in United Kingdom law|2016-11-01T02:45:42Z.html' done in 1.548462 average: 0.3416298231046931
Remaining: 161 collecting now: 'Hussein of Jordan|2007-11-30T09:16:17Z.html' done in 0.236759 average: 0.3412525899280575
Remaining: 160 collecting now: 'Hussein of Jordan|2015-10-29T14:02:59Z.html' done in 0.2279 average: 0.3408463082437276
Remaining: 159 collecting now: 'U.S. Route 30 in Indiana|2015-03-27T03:52:31Z.html' done in 0.459177 average: 0.34126891785714286
Remaining: 158 collecting now: 'Hussein of Jordan|2018-07-28T07:20:59Z.html' done in 0.155224 average: 0.3406068362989324
Remaining: 157 collecting now: 'Hussein of Jordan|2014-04-30T19:37:14Z.html' done in 1.892663 average: 0.3461105815602837
Remaining: 156 collecting now: 'Roderigo Lopez|2014-12-08T02:06:09Z.html' done in 0.723602 average: 0.3474444734982332
Remaining: 155 collecting now: 'Roderigo Lopez|2011-09-18T15:26:14Z.html' done in 0.057551 average: 0.3464237218309859
Remaining: 154 collecting now: 'Hussein of Jordan|2020-02-02T06:53:33Z.html' done in 0.058115 average: 0.3454121122807018
Remaining: 153 collecting now: 'Hussein of Jordan|2016-12-23T14:54:46Z.html' done in 1.535371 average: 0.3495728076923077
Remaining: 152 collecting now: 'Hussein of Jordan|2011-10-29T01:07:34Z.html' done in 0.521776 average: 0.350172818815331
Remaining: 151 collecting now: 'Hussein of Jordan|2008-04-20T20:00:29Z.html' done in 0.572713 average: 0.35094552777777777
Remaining: 150 collecting now: 'Chachani|2007-04-14T19:17:45Z.html' done in 0.351738 average: 0.35094826989619377
Remaining: 149 collecting now: 'Hussein of Jordan|2020-01-29T13:06:57Z.html' done in 0.02956 average: 0.34984003448275863
Remaining: 148 collecting now: 'U.S. Route 30 in Indiana|2014-08-30T14:24:35Z.html' done in 2.004795 average: 0.3555271649484536
Remaining: 147 collecting now: 'Roderigo Lopez|2014-09-29T13:35:19Z.html' done in 0.198583 average: 0.35498968493150684
Remaining: 146 collecting now: 'Hussein of Jordan|2005-03-29T03:56:35Z.html' done in 0.075466 average: 0.3540356791808874
Remaining: 145 collecting now: 'Hussein of Jordan|2007-08-13T10:19:35Z.html' done in 0.067493 average: 0.3530610442176871
Remaining: 144 collecting now: 'Roderigo Lopez|2013-08-19T10:07:47Z.html' done in 0.224477 average: 0.3526251661016949
Remaining: 143 collecting now: 'Roderigo Lopez|2015-10-16T10:23:34Z.html' done in 0.061992 average: 0.3516432972972973
Remaining: 142 collecting now: 'Hussein of Jordan|2009-06-24T01:54:03Z.html' done in 0.267188 average: 0.351358936026936
Remaining: 141 collecting now: 'Hussein of Jordan|2019-10-26T10:20:09Z.html' done in 0.248859 average: 0.35101497651006713
Remaining: 140 collecting now: 'Chachani|2018-06-23T03:01:59Z.html' done in 2.119819 average: 0.3569307090301004
Remaining: 139 collecting now: 'Chachani|2008-12-18T14:22:55Z.html' done in 0.150795 average: 0.35624359000000005
Remaining: 138 collecting now: 'Hussein of Jordan|2007-06-28T01:15:29Z.html' done in 0.039721 average: 0.35519201993355487
Remaining: 137 collecting now: 'Hussein of Jordan|2012-03-19T17:21:28Z.html' done in 0.235333 average: 0.35479513576158944
Remaining: 136 collecting now: 'Roderigo Lopez|2014-06-11T05:22:19Z.html' done in 0.403852 average: 0.3549570396039604
Remaining: 135 collecting now: 'U.S. Route 30 in Indiana|2008-11-28T19:07:01Z.html' done in 0.047171 average: 0.35394458552631586
Remaining: 134 collecting now: 'Hussein of Jordan|2018-02-08T05:45:34Z.html' done in 0.072482 average: 0.3530217573770492
Remaining: 133 collecting now: 'Chachani|2014-05-18T07:28:00Z.html' done in 1.733474 average: 0.3575330392156863
Remaining: 132 collecting now: 'Hussein of Jordan|2007-03-19T23:00:32Z.html' done in 0.082803 average: 0.35663815309446256
Remaining: 131 collecting now: 'U.S. Route 30 in Indiana|2017-06-24T19:35:38Z.html' done in 0.320466 average: 0.35652071103896105
Remaining: 130 collecting now: 'Chachani|2011-07-06T00:48:58Z.html' done in 0.258667 average: 0.35620403236245957
Remaining: 129 collecting now: 'Hussein of Jordan|2018-03-31T10:10:55Z.html' done in 0.081248 average: 0.35531707741935487
Remaining: 128 collecting now: 'Hussein of Jordan|2013-11-13T09:19:28Z.html' done in 1.717164 average: 0.3596960064308682
Remaining: 127 collecting now: 'Hussein of Jordan|2013-03-29T04:04:32Z.html' done in 0.44118 average: 0.3599571730769231
Remaining: 126 collecting now: 'Chachani|2016-06-12T20:35:45Z.html' done in 0.481068 average: 0.3603441086261981
Remaining: 125 collecting now: 'U.S. Route 30 in Indiana|2016-11-27T18:38:17Z.html' done in 0.185248 average: 0.3597864777070064
Remaining: 124 collecting now: 'Hussein of Jordan|2006-05-31T21:01:50Z.html' done in 0.270803 average: 0.35950399047619047
Remaining: 123 collecting now: 'Hussein of Jordan|2014-01-15T05:27:19Z.html' done in 0.176409 average: 0.3589245759493671
Remaining: 122 collecting now: 'Chachani|2017-04-23T21:24:17Z.html' done in 0.692327 average: 0.3599763186119874
Remaining: 121 collecting now: 'Hussein of Jordan|2003-06-11T21:06:06Z.html' done in 0.247672 average: 0.35962316037735853
Remaining: 120 collecting now: 'Hussein of Jordan|2013-09-27T20:11:34Z.html' done in 0.050551 average: 0.35865428213166145
Remaining: 119 collecting now: 'Chachani|2008-06-10T20:23:02Z.html' done in 0.605902 average: 0.35942693125
Remaining: 118 collecting now: 'Hussein of Jordan|2010-01-20T15:09:55Z.html' done in 0.033515 average: 0.35841162928348913
Remaining: 117 collecting now: 'Roderigo Lopez|2013-07-26T13:51:26Z.html' done in 0.340895 average: 0.35835722981366464
Remaining: 116 collecting now: 'Hussein of Jordan|2017-02-18T16:01:41Z.html' done in 0.051673 average: 0.3574077430340557
Remaining: 115 collecting now: 'Roderigo Lopez|2009-10-14T22:24:02Z.html' done in 0.481876 average: 0.3577919043209877
Remaining: 114 collecting now: 'Roderigo Lopez|2017-10-24T07:44:32Z.html' done in 0.053197 average: 0.35685468923076924
Remaining: 113 collecting now: 'Roderigo Lopez|2016-10-26T10:58:44Z.html' done in 0.252916 average: 0.3565358588957055
Remaining: 112 collecting now: 'Hussein of Jordan|2014-03-28T12:26:42Z.html' done in 0.246216 average: 0.3561984892966361
Remaining: 111 collecting now: 'Chachani|2016-08-29T00:27:22Z.html' done in 0.421348 average: 0.3563971158536585
Remaining: 110 collecting now: 'Hussein of Jordan|2004-04-28T09:29:25Z.html' done in 0.139076 average: 0.35573656534954406
Remaining: 109 collecting now: 'U.S. Route 30 in Indiana|2010-01-04T04:09:10Z.html' done in 0.220676 average: 0.3553272909090909
Remaining: 108 collecting now: 'Roderigo Lopez|2006-02-28T21:13:40Z.html' done in 0.097401 average: 0.35454805740181267
Remaining: 107 collecting now: 'Chachani|2010-11-30T17:35:35Z.html' done in 0.054228 average: 0.3536434789156626
Remaining: 106 collecting now: 'Roderigo Lopez|2015-11-28T14:39:34Z.html' done in 0.073544 average: 0.3528023393393393
Remaining: 105 collecting now: 'Hussein of Jordan|2011-03-21T19:02:23Z.html' done in 0.305584 average: 0.35266096706586825
Remaining: 104 collecting now: 'Hussein of Jordan|2017-10-29T22:34:02Z.html' done in 0.686567 average: 0.3536577014925373
Remaining: 103 collecting now: 'Chachani|2009-02-14T20:11:31Z.html' done in 1.706932 average: 0.3576853035714285
Remaining: 102 collecting now: 'Hussein of Jordan|2013-01-28T01:26:05Z.html' done in 0.041594 average: 0.35674734718100887
Remaining: 101 collecting now: 'Roderigo Lopez|2009-08-14T00:24:42Z.html' done in 0.422869 average: 0.356942973372781
Remaining: 100 collecting now: 'Hussein of Jordan|2014-06-19T21:26:47Z.html' done in 0.049867 average: 0.35603714454277285
Remaining: 99 collecting now: 'U.S. Route 30 in Indiana|2009-04-26T23:14:31Z.html' done in 0.473155 average: 0.3563816088235294
Remaining: 98 collecting now: 'Hussein of Jordan|2009-07-22T05:05:38Z.html' done in 0.072461 average: 0.3555489970674487
Remaining: 97 collecting now: 'Chachani|2012-10-30T15:52:05Z.html' done in 0.285744 average: 0.3553448888888889
Remaining: 96 collecting now: 'Hussein of Jordan|2005-10-21T18:04:28Z.html' done in 0.048463 average: 0.3544501895043732
Remaining: 95 collecting now: 'Hussein of Jordan|2012-09-29T17:16:36Z.html' done in 0.131243 average: 0.3538013313953488
Remaining: 94 collecting now: 'Hussein of Jordan|2016-07-27T20:41:09Z.html' done in 0.376634 average: 0.35386751304347824
Remaining: 93 collecting now: 'Hussein of Jordan|2014-05-06T10:59:05Z.html' done in 0.4804 average: 0.35423321387283235
Remaining: 92 collecting now: 'Roderigo Lopez|2006-06-09T18:55:17Z.html' done in 0.513997 average: 0.3546936282420749
Remaining: 91 collecting now: 'Hussein of Jordan|2005-09-06T09:46:19Z.html' done in 0.055656 average: 0.35383432471264364
Remaining: 90 collecting now: 'Chachani|2019-06-24T10:32:15Z.html' done in 0.099737 average: 0.35310625214899716
Remaining: 89 collecting now: 'Hussein of Jordan|2018-11-28T22:12:18Z.html' done in 0.289564 average: 0.35292470285714284
Remaining: 88 collecting now: 'Chachani|2008-03-04T02:46:00Z.html' done in 1.656259 average: 0.356637905982906
Remaining: 87 collecting now: 'Hussein of Jordan|2006-12-21T18:09:29Z.html' done in 0.034886 average: 0.3557238380681818
Remaining: 86 collecting now: 'Chachani|2014-08-21T23:03:31Z.html' done in 0.272441 average: 0.35548790934844193
Remaining: 85 collecting now: 'Hussein of Jordan|2015-04-28T03:58:52Z.html' done in 0.056039 average: 0.3546420084745763
Remaining: 84 collecting now: 'Hussein of Jordan|2004-11-29T02:12:04Z.html' done in 0.710963 average: 0.3556457295774648
Remaining: 83 collecting now: 'Hussein of Jordan|2004-12-22T23:08:54Z.html' done in 0.202631 average: 0.35521591292134835
Remaining: 82 collecting now: 'Roderigo Lopez|2006-07-27T19:27:50Z.html' done in 0.198804 average: 0.3547777843137255
Remaining: 81 collecting now: 'Hussein of Jordan|2007-04-26T17:04:24Z.html' done in 0.068613 average: 0.3539784413407821
Remaining: 80 collecting now: 'Roderigo Lopez|2008-09-19T13:22:36Z.html' done in 0.309701 average: 0.3538551058495822
Remaining: 79 collecting now: 'Hussein of Jordan|2017-12-19T12:42:44Z.html' done in 0.091808 average: 0.35312719722222224
Remaining: 78 collecting now: 'Hussein of Jordan|2019-01-14T20:11:28Z.html' done in 1.668445 average: 0.3567707368421053
Remaining: 77 collecting now: 'Chachani|2005-02-21T08:26:46Z.html' done in 1.978848 average: 0.36125161325966854
Remaining: 76 collecting now: 'U.S. Route 30 in Indiana|2007-02-10T20:33:55Z.html' done in 0.006416 average: 0.36027410468319565
Remaining: 75 collecting now: 'U.S. Route 30 in Indiana|2011-05-29T01:35:31Z.html' done in 0.014134 average: 0.3593231703296704
Remaining: 74 collecting now: 'Fair dealing in United Kingdom law|2018-03-07T19:24:33Z.html' done in 0.110379 average: 0.3586411315068494
Remaining: 73 collecting now: 'Hussein of Jordan|2011-12-22T21:22:58Z.html' done in 0.433834 average: 0.3588465765027323
Remaining: 72 collecting now: 'U.S. Route 30 in Indiana|2009-07-13T04:25:06Z.html' done in 0.435756 average: 0.35905613896457766
Remaining: 71 collecting now: 'U.S. Route 30 in Indiana|2010-06-22T04:35:12Z.html' done in 0.072045 average: 0.3582762173913044
Remaining: 70 collecting now: 'Chachani|2019-01-11T01:11:09Z.html' done in 0.06996 average: 0.35749487262872637
Remaining: 69 collecting now: 'Hussein of Jordan|2010-09-24T16:38:43Z.html' done in 0.167266 average: 0.35698074054054063
Remaining: 68 collecting now: 'Hussein of Jordan|2012-10-27T10:06:25Z.html' done in 0.438357 average: 0.3572000835579516
Remaining: 67 collecting now: 'Chachani|2006-05-15T07:45:05Z.html' done in 0.421806 average: 0.3573737553763442
Remaining: 66 collecting now: 'Roderigo Lopez|2006-03-29T04:28:11Z.html' done in 0.02726 average: 0.3564887319034854
Remaining: 65 collecting now: 'Chachani|2010-06-10T21:26:24Z.html' done in 0.045741 average: 0.3556578556149734
Remaining: 64 collecting now: 'Hussein of Jordan|2006-10-31T17:57:13Z.html' done in 0.055116 average: 0.3548564106666668
Remaining: 63 collecting now: 'Hussein of Jordan|2011-04-23T03:12:04Z.html' done in 0.234992 average: 0.35453762234042563
Remaining: 62 collecting now: 'Hussein of Jordan|2003-03-23T18:04:39Z.html' done in 0.543501 average: 0.35503885145888603
Remaining: 61 collecting now: 'U.S. Route 30 in Indiana|2010-02-21T01:25:46Z.html' done in 0.0088 average: 0.3541228756613758
Remaining: 60 collecting now: 'U.S. Route 30 in Indiana|2016-09-22T15:56:43Z.html' done in 0.099959 average: 0.353452258575198
Remaining: 59 collecting now: 'Hussein of Jordan|2019-06-26T11:38:40Z.html' done in 0.27194 average: 0.3532377526315791
Remaining: 58 collecting now: 'Hussein of Jordan|2010-10-28T20:48:55Z.html' done in 2.056351 average: 0.35770786614173244
Remaining: 57 collecting now: 'Roderigo Lopez|2007-11-04T01:35:52Z.html' done in 0.401009 average: 0.3578212198952881
Remaining: 56 collecting now: 'U.S. Route 30 in Indiana|2012-03-06T16:50:21Z.html' done in 0.052831 average: 0.3570249007832899
Remaining: 55 collecting now: 'U.S. Route 30 in Indiana|2019-09-25T08:44:07Z.html' done in 0.061806 average: 0.3562561015625001
Remaining: 54 collecting now: 'Hussein of Jordan|2009-04-27T18:50:47Z.html' done in 0.176483 average: 0.3557891584415585
Remaining: 53 collecting now: 'Hussein of Jordan|2015-01-31T16:27:00Z.html' done in 0.226935 average: 0.3554553393782384
Remaining: 52 collecting now: 'Hussein of Jordan|2016-03-14T06:19:20Z.html' done in 0.494848 average: 0.355815527131783
Remaining: 51 collecting now: 'Roderigo Lopez|2008-04-24T20:34:18Z.html' done in 0.549634 average: 0.35631505927835055
Remaining: 50 collecting now: 'Hussein of Jordan|2012-01-27T17:33:44Z.html' done in 0.078198 average: 0.3556001053984576
Remaining: 49 collecting now: 'U.S. Route 30 in Indiana|2014-06-17T15:34:07Z.html' done in 0.383199 average: 0.3556708717948718
Remaining: 48 collecting now: 'Hussein of Jordan|2014-10-23T07:03:03Z.html' done in 0.149943 average: 0.3551447135549872
Remaining: 47 collecting now: 'U.S. Route 30 in Indiana|2009-05-30T16:21:44Z.html' done in 0.456593 average: 0.3554035102040816
Remaining: 46 collecting now: 'Hussein of Jordan|2013-07-31T13:50:06Z.html' done in 0.103758 average: 0.35476319083969465
Remaining: 45 collecting now: 'Hussein of Jordan|2018-10-17T17:09:27Z.html' done in 0.435104 average: 0.3549671015228426
Remaining: 44 collecting now: 'Roderigo Lopez|2015-12-31T09:40:39Z.html' done in 2.139763 average: 0.3594855721518987
Remaining: 43 collecting now: 'Hussein of Jordan|2010-04-28T13:46:01Z.html' done in 0.20506 average: 0.35909560858585854
Remaining: 42 collecting now: 'U.S. Route 30 in Indiana|2010-09-12T08:34:35Z.html' done in 0.41132 average: 0.35922715617128453
Remaining: 41 collecting now: 'Chachani|2014-02-11T22:25:58Z.html' done in 0.089264 average: 0.3585488567839195
Remaining: 40 collecting now: 'U.S. Route 30 in Indiana|2014-09-17T00:37:18Z.html' done in 0.044896 average: 0.3577627593984961
Remaining: 39 collecting now: 'U.S. Route 30 in Indiana|2017-08-19T01:41:48Z.html' done in 0.167629 average: 0.3572874249999999
Remaining: 38 collecting now: 'Hussein of Jordan|2012-02-24T05:20:50Z.html' done in 0.236243 average: 0.3569855685785535
Remaining: 37 collecting now: 'Hussein of Jordan|2007-12-31T15:52:49Z.html' done in 0.610702 average: 0.3576167039800994
Remaining: 36 collecting now: 'Hussein of Jordan|2018-06-29T16:44:55Z.html' done in 0.36399 average: 0.3576325186104217
Remaining: 35 collecting now: 'Roderigo Lopez|2008-07-25T08:57:03Z.html' done in 2.54782 average: 0.36305377475247513
Remaining: 34 collecting now: 'Chachani|2010-02-26T19:55:33Z.html' done in 0.100172 average: 0.36240468395061715
Remaining: 33 collecting now: 'Roderigo Lopez|2010-09-15T05:16:57Z.html' done in 0.066821 average: 0.36167664532019694
Remaining: 32 collecting now: 'U.S. Route 30 in Indiana|2012-08-30T20:52:01Z.html' done in 0.079567 average: 0.3609835012285011
Remaining: 31 collecting now: 'U.S. Route 30 in Indiana|2019-07-21T21:14:48Z.html' done in 0.191133 average: 0.3605672009803921
Remaining: 30 collecting now: 'Chachani|2013-10-24T20:09:56Z.html' done in 0.265356 average: 0.3603344107579461
Remaining: 29 collecting now: 'Fair dealing in United Kingdom law|2013-05-07T12:42:32Z.html' done in 0.060842 average: 0.35960394146341457
Remaining: 28 collecting now: 'Hussein of Jordan|2015-08-29T02:36:42Z.html' done in 0.27217 average: 0.35939120681265196
Remaining: 27 collecting now: 'U.S. Route 30 in Indiana|2017-09-17T10:20:57Z.html' done in 0.506686 average: 0.35974871844660183
Remaining: 26 collecting now: 'Hussein of Jordan|2014-07-31T23:04:13Z.html' done in 0.231926 average: 0.3594392203389829
Remaining: 25 collecting now: 'Hussein of Jordan|2004-10-15T23:47:44Z.html' done in 0.590287 average: 0.35999682367149743
Remaining: 24 collecting now: 'Hussein of Jordan|2017-08-31T22:25:14Z.html' done in 0.197367 average: 0.3596049445783131
Remaining: 23 collecting now: 'Roderigo Lopez|2010-08-16T19:09:40Z.html' done in 1.147338 average: 0.361498533653846
Remaining: 22 collecting now: 'Roderigo Lopez|2015-07-27T08:30:49Z.html' done in 0.051976 average: 0.3607562733812948
Remaining: 21 collecting now: 'Chachani|2017-06-18T20:14:30Z.html' done in 0.254848 average: 0.36050290430621995
Remaining: 20 collecting now: 'Hussein of Jordan|2007-07-26T17:40:36Z.html' done in 0.146691 average: 0.359992613365155
Remaining: 19 collecting now: 'U.S. Route 30 in Indiana|2009-02-08T23:25:24Z.html' done in 0.23154 average: 0.3596867738095237
Remaining: 18 collecting now: 'U.S. Route 30 in Indiana|2012-02-28T00:37:26Z.html' done in 0.06002 average: 0.35897497624703073
Remaining: 17 collecting now: 'Hussein of Jordan|2003-02-09T06:05:56Z.html' done in 0.078019 average: 0.3583092037914691
Remaining: 16 collecting now: 'U.S. Route 30 in Indiana|2006-06-09T14:11:52Z.html' done in 0.010565 average: 0.35748711347517725
Remaining: 15 collecting now: 'Roderigo Lopez|2007-03-25T18:18:59Z.html' done in 0.007348 average: 0.35666131367924525
Remaining: 14 collecting now: 'Roderigo Lopez|2012-07-27T12:59:36Z.html' done in 0.048103 average: 0.355935294117647
Remaining: 13 collecting now: 'Roderigo Lopez|2010-05-10T03:26:49Z.html' done in 0.068359 average: 0.3552602323943661
Remaining: 12 collecting now: 'Hussein of Jordan|2006-11-27T18:10:43Z.html' done in 0.063498 average: 0.3545769484777517
Remaining: 11 collecting now: 'Hussein of Jordan|2005-06-17T22:26:27Z.html' done in 0.214268 average: 0.35424912383177565
Remaining: 10 collecting now: 'Fair dealing in United Kingdom law|2015-04-19T14:16:30Z.html' done in 0.072435 average: 0.35359221445221445
Remaining: 9 collecting now: 'Hussein of Jordan|2006-08-30T11:45:06Z.html' done in 0.251046 average: 0.3533537348837209
Remaining: 8 collecting now: 'Hussein of Jordan|2004-05-15T09:57:44Z.html' done in 0.184782 average: 0.35296261716937355
Remaining: 7 collecting now: 'Hussein of Jordan|2017-05-30T01:06:15Z.html' done in 0.163858 average: 0.352524875
Remaining: 6 collecting now: 'Hussein of Jordan|2006-09-28T22:19:20Z.html' done in 0.710502 average: 0.35335161200923787
Remaining: 5 collecting now: 'U.S. Route 30 in Indiana|2012-06-29T13:45:15Z.html' done in 0.30832 average: 0.35324785253456226
Remaining: 4 collecting now: 'Hussein of Jordan|2010-12-27T22:07:02Z.html' done in 0.110521 average: 0.35268985977011497
Remaining: 3 collecting now: 'U.S. Route 30 in Indiana|2015-02-18T16:29:29Z.html' done in 0.632491 average: 0.35333160550458714
Remaining: 2 collecting now: 'Fair dealing in United Kingdom law|2011-10-06T11:44:37Z.html' done in 0.263465 average: 0.35312596109839817
Remaining: 1 collecting now: 'Chachani|2007-06-20T19:08:11Z.html' done in 0.233454 average: 0.3528527374429224
Tempo total : 154.549499
