title,category
Vezina Trophy,2
Ty Cobb,2
Sonic Youth discography,2
Solo Journey,2
Solomon Islands,2
Belly dance,2
Jerson Ravelo,2
Jack Fingleton,2
Margao,2
Bengali language,2
Social psychology (psychology),2
Toraja,2
Jack Thompson (attorney),2
Victoria Cross for New Zealand,2
Smells Like Teen Spirit,2
Hurricane Ignacio (2003),2
Hurricane Helene (2006),2
Jenna Jameson,2
Benjamin of Tudela,2
Tropical cyclone observation,2
Holidays of Japan,2
Gregory Campbell (politician),2
Truong Dinh,2
"Tumbler Ridge, British Columbia",2
Beijing opera,2
Animal-Vegetable-Mineral Man,2
All the Filth!,2
Italian Renaissance,2
"Spencer, New South Wales",2
Anne Palmer (cricketer),2
Spider-Man 3,2
Waller Hall,2
Saudi Arabia,2
Ho Chi Minh Campaign,2
Timeline of chemistry,2
Split infinitive,2
Garbage (band),2
Hurricane Karen (2007),2
Another Perfect Day,2
History of the west coast of North America,2
Battle of the Gebora,2
Afghanistan,2
Ivalice,2
Space Science Fiction Magazine,2
Sorting algorithm,2
Hot Fuzz,2
Fustat,2
Hurricane John (2006),2
Verbascum thapsus,2
South Africa,2
Bees and toxic chemicals,2
"Ann Arbor, Michigan",2
"Grand Forks, North Dakota",2
Jesus,2
History of Raëlism,2
South Tyneside,2
Timothy Blackstone,2
Turku,2
Southampton,2
Animal Liberation Front,2
Skipsea Castle,2
Sirius,2
Berkley Bedell,2
Tropical Storm Jose (2005),2
Historic Michigan Boulevard District,2
Homeopathy,2
Tōru Takemitsu,2
Trent and Mersey Canal,2
Second Battle of Fallujah,2
Adaptations of The Lord of the Rings,2
Jay Greene,2
Jamie Zawinski,2
Shawn Michaels,2
Bommarillu,2
American Library Association,2
Gregory House,2
Hovhannes Bagramyan,2
Shark,2
"Shalalth, British Columbia",2
Amedeo Avogadro,2
Goldfinger (film),2
Second Sudanese Civil War,2
"Amarillo, Texas",2
Frank Carlson,2
Selenium,2
Gongsun Long,2
Frank J. Selke Trophy,2
Japanese name,2
Tropical Storm Beryl (1988),2
Blue Wing Blitz,2
Sesame Street,2
Tropical Storm Ana (2003),2
Tropical Depression One (1992),2
Second Ostend Raid,2
Blue Monday (opera),2
Adam Kubert,2
American football,2
Funeral of Pope John Paul II,2
Freenet,2
James Strang,2
History of Limerick,2
From Russia with Love (film),2
History of New Brunswick,2
Singapore Dreaming,2
Viet Nam Quoc Dan Dang,2
Sinixt,2
History of Estonia,2
Tropical cyclone forecasting,2
Toyota Aurion (XV40),2
Towelie (South Park episode),2
Bernie Kosar,2
Fundamental (Pet Shop Boys album),2
Six Flags Astroworld,2
Gravitation,2
Golden Film,2
Tropical Storm Vamei,2
Sikh diaspora,2
Administrative receivership,2
Shitalakshya River,2
History of Doctor Who,2
Hurricane Alice (December 1954),2
James McMillan (fur trader),2
Americanization (of Native Americans),2
James K. Polk,2
Trailer (film),2
Tropical Storm Leslie (2000),2
Hurricane Danny (2003),2
Jay Pritzker Pavilion,2
Aluminium,2
Trade route,2
Francesco Balducci Pegolotti,2
Bill Johnston (cricketer),2
Siege of Paris (885-886),2
Black Death,2
Hurricane Bob (1985),2
Gertie the Dinosaur,2
Battle of Uhud,2
Underneath It All,2
Tangiteroria,2
The Piper at the Gates of Dawn,2
The Ordertaker,2
The Orb,2
Union Army Balloon Corps,2
Average Joe,2
Avengers (comics),2
Tautiška giesmė,2
Taxonomy of Banksia integrifolia,2
Tay-Sachs disease,2
Avatar: The Last Airbender,2
Taíno,2
Aircraft carrier,2
Gilbert and Sullivan,2
Greco-Persian Wars,2
"Technopark, Kerala",2
The Princess (play),2
Azula,2
The Real Adventures of Jonny Quest,2
Ars moriendi,2
TGV,2
The Talented Mr. Ripley (film),2
Hillsong Music Australia,2
The Spy Who Loved Me (film),2
Geology of Scotland,2
Glenrothes,2
Taiwanese Hokkien,2
Airborne Real-time Cueing Hyperspectral Enhanced Reconnaissance,2
Ted Radcliffe,2
B movies (Transition in the 1950s),2
Great French Wine Blight,2
The Simpsons (season 6),2
I Take Thee Quagmire,2
B movies (Hollywood Golden Age),2
B movies (1980s to the present),2
Ulysses (poem),2
The Rocky Horror Picture Show,2
"George Brown, Baron George-Brown",2
B movies (The exploitation boom),2
History of the Peerage,2
Indian national cricket captains,2
Union Flag,2
The Chaser APEC pranks,2
Ascension (Stargate),2
The Chaser's War on Everything,2
Athanasius Kircher,2
The Crocus List,2
The Daily Show,2
Astrid Kirchherr,2
Asthma,2
The KLF discography,2
Asterix and the Laurel Wreath,2
The Giver,2
Assassination,2
United Kingdom,2
Assata Shakur,2
The Guardian,2
The Hawthorns,2
The Headbangers,2
History of the British Virgin Islands,2
The Cartridge Family,2
United States Bill of Rights,2
The Canine Mutiny,2
University of Texas at Austin,2
Telecommunication,2
Indian Creek massacre,2
Universe of Kingdom Hearts,2
The Lord of the Rings film trilogy,2
Income inequality in the United States,2
The Lord of the Rings Strategy Battle Game,2
Tent pegging,2
Tekken: The Motion Picture,2
Tet Offensive,2
Georgia Institute of Technology,2
Texas Ranger Division,2
United States national cricket team,2
The Amazing Spider-Man,2
The Lion King,2
Audacious class aircraft carrier,2
Immigration to Canada,2
The Bus Uncle,2
Aksumite currency,2
Backmasking,2
TCF Bank Stadium,2
T206 Honus Wagner,2
History of United States cricket,2
Battle of Corregidor,2
USS Texas (BB-35),2
Iron Man,2
Stewie Loves Lois,2
Battle of Baia,2
Apollo Junior High School,2
Apostolicae Curae,2
Great Barrier Reef,2
Aquarium,2
Ir Ovot,2
Agriculture and aquaculture in Hong Kong,2
Ipswich Town F.C.,2
Studio system,2
Stuttering,2
Thomas Lee (Virginia colonist),2
Barton S. Alexander,2
Isaac Newton's religious views,2
"State Route 1002 (Lehigh County, Pennsylvania)",2
Stars!,2
The Hobbit,2
Battle of Stillman's Run,2
Time,2
Battle of Shiloh,2
Tim Foli,2
Tigrinya language,2
Battle of Rostov (1941),2
Battle of Kranji,2
Battle of Khe Sanh,2
Hurricane Nina (1957),2
"St. Mary's Church, Lübeck",2
Standard conditions for temperature and pressure,2
Battle of Hampton Roads,2
Battle of Greece,2
Hurricane Lane (2006),2
Islamic view of Ezra,2
Star Alliance,2
Ishmael,2
Stargate,2
Battle of Jilib,2
Gela,2
Thomas C. Hindman,2
Gene Rayburn,2
Suzuka (manga),2
International Space Station,2
Ballard Carnegie Library,2
There's a Boy in the Girls' Bathroom,2
"Balboa High School (San Francisco, California)",2
Swiss Federal Council,2
USS Waddell (DDG-24),2
"Alberta general election, 2004",2
International Speedway Corporation,2
Sydney Riot of 1879,2
Interlingua,2
Architecture of Norway,2
Geography of Canada,2
Syrian American,2
Sōshi-kaimei,2
Alberta,2
Air Training Corps,2
T. Dan Smith,2
The World Is Not Enough (song),2
Gareth Southgate,2
Hurricane Vince (2005),2
Susannah Constantine,2
Suicidal Tendencies,2
History of baseball in the United States,2
Sulfur,2
Sulfuric acid,2
Sullivan Bluth Studios,2
Summer Sucks,2
Banksia ericifolia,2
History of biology,2
Banditti of the Prairie,2
Banking in Switzerland,2
Green Party of Canada,2
Hurricane Paul (2006),2
Super Mario 64,2
Superconductivity,2
Archaeopteryx,2
Interstate 295 (Delaware-New Jersey),2
Interstate 15 in Nevada,2
These Days: Live in Concert,2
Bank of China (Hong Kong),2
Battle of Gangut,2
CZW World Heavyweight Championship,2
Foremarke Hall,2
Nelvana,2
Nepenthes bicalcarata,2
Nepenthes inermis,2
New England Patriots,2
Cowboy Bebop,2
New York State Route 11B,2
Yodfat,2
Newsy Lalonde,2
Coupling (railway),2
Leopold von Ranke,2
Neil Armstrong,2
Leopard syndrome,2
Coronation Street,2
Nightwish,2
Lenny Montana,2
Nine Inch Nails,2
Yellowstone fires of 1988,2
Legal disputes over the Harry Potter series,2
Hanukkah,2
Copyright infringement,2
Lead(II) nitrate,2
Le comte Ory,2
Emmett Watson,2
Continuous distillation,2
Elizabeth Cady Stanton,2
Nature,2
Egyptians,2
Cyclone Gonu,2
Cyclogenesis,2
Music of Dominica,2
Music of Hungary,2
Cy-Fair College,2
Lisa's Wedding,2
Music of Saint Lucia,2
Cumbres and Toltec Scenic Railroad,2
Eifel Aqueduct,2
Lewis Hamilton,2
El Niño,2
NZR RM class (Vulcan),2
Nagorno-Karabakh War,2
Lidwina,2
Helicopter,2
Elfen Lied,2
Elgin Cathedral,2
Nathu La,2
Nation of Ulysses discography,2
National Soccer League,2
National parks of England and Wales,2
My Musical,2
Yasin Çakmak,2
Constantine II of Scotland,2
Le Paradis massacre,2
2004 Indian Ocean earthquake,2
Lake Tahoe,2
Ernie Toshack,2
Clinical psychology,2
2004 NFL Draft,2
Oregon wine,2
Oriental Orthodoxy,2
L. Ron Hubbard,2
Clan Fraser,2
2005 NFL Draft,2
Henrik Larsson,2
Kylie (album),2
"Cityscape of Ashland, Kentucky",2
Kuiper belt,2
Cirque du Soleil,2
Krill fishery,2
World of Warcraft,2
Santamaría (volcano),2
Papal Tiara,2
Papal conclave,2
Evolutionary history of life,2
2006 Chick-fil-A Bowl,2
Outrageous Betrayal,2
Ontario,2
2003 NFL Draft,2
Omphalotus nidiformis,2
Le Corsaire,2
Northern Red-legged Frog,2
Conn Smythe Trophy,2
Lawyer,2
Nottingham Panthers,2
2002 NFL Draft,2
Nuclear fusion,2
Empire Earth: The Art of Conquest,2
Number,2
Law,2
Yamashita Yoshiaki,2
Encyclopædia Britannica,2
Laser,2
2003 Atlantic hurricane season,2
Comanche,2
Y. B. Rowdy (Medal of Honor recipient),2
Hanseatic League,2
Enterprise modelling,2
Colorado Avalanche,2
Color motion picture film,2
Collapse of the World Trade Center,2
Omar Khadr,2
Colectivo,2
List of basic geography topics,2
Lithium aluminium hydride,2
Youngstown Ohio Works,2
"Harold W. Gehman, Jr.",2
Mammoth Cave National Park,2
1300-1400 in fashion,2
Mauricio Rua,2
Earth Kingdom,2
Malta,2
East 233rd Street (Bronx),2
Maximianus of Ravenna,2
Maximus the Confessor,2
East Carolina University,2
1400-1500 in fashion,2
Man Enters the Cosmos,2
Malaria,2
Majulah Singapura,2
Major Soccer League,2
Maize,2
Doctor (Doctor Who),2
Melbourne Storm,2
Maedhros,2
Heartbreaker (Free album),2
Madness (band),2
Die Hard,2
Diborane,2
East End of London,2
Zveno project,2
Matt Groening,2
Hawaiian architecture,2
Dusky Woodswallow,2
Durian,2
Mark Hammett,2
Mark Messier Leadership Award,2
"1,3-Butadiene",2
EPR paradox,2
Dumbbell Indemnity,2
Marmais,2
Dubstep,2
Mars,2
Mars Scout Program,2
Eagle (Middle-earth),2
Eagle (comic),2
Haystacks (Monet),2
Maniots,2
Dreamgirls (film),2
Maserati MC12,2
Mass of Paul VI,2
Massively multiplayer online role-playing game,2
Dragon Warrior III,2
Dr. Strangelove or: How I Learned to Stop Worrying and Love the Bomb,2
Dow Chemical Company,2
Mathematics,2
Madlax,2
Parasaurolophus,2
Metabolism,2
Haruhi Suzumiya (franchise),2
Education in Iceland,2
Educational psychology,2
"Mobile, Alabama",2
David Dixon Porter,2
Lumbee,2
Luke P. Blackburn,2
Dave Grohl,2
Harrogate Town F.C.,2
Darren Craddock,2
Dark matter,2
Dazzler (Marvel Comics),2
Money supply,2
Love. Angel. Music. Baby.,2
Moondyne Joe,2
Daniel Fentom,2
Edwin Alderson,2
Damascus steel,2
Los Angeles Times,2
"Effects of Hurricane Isabel in Maryland and Washington, D.C.",2
Mount Vesuvius,2
London Underground,2
DMX512-A,2
Low-energy electron diffraction,2
Education in England,2
"Miranda, New South Wales",2
Miranda (moon),2
Dianetics,2
Devin Hester,2
Metropolitan Atlanta Rapid Transit Authority,2
Development of Windows Vista,2
Michael Kroger,2
Development of The Elder Scrolls IV: Oblivion,2
Mackinac Island,2
Mach Five,2
Descent: FreeSpace — The Great War,2
Economic torts,2
Economy of Canada,2
Economy of the Republic of Ireland,2
Dell,2
MS Arberia,2
"Mildura, Victoria",2
MNM (professional wrestling),2
Military establishment of the Roman Republic,2
Delhi,2
Deinonychus,2
Milk,2
Definition of planet,2
M62 motorway,2
Mini Moke,2
Haunting the Chapel,2
Parineeta (2005 film),2
2005 levee failures in Greater New Orleans,2
Kodachi Kuno,2
Renal tubular acidosis,2
Flag of Denmark,2
John Wilkes Booth,2
Resident Evil: Apocalypse,2
Campaign history of the Roman military,2
Return of Saturn,2
Cambodian Civil War,2
Rhee Taekwon-Do,2
Rhode Island,2
Californication (album),2
Western honey bee,2
California State Route 37,2
Rich Girl (Gwen Stefani song),2
Flag of New Zealand,2
Herrerasaurus,2
Riemann hypothesis,2
Rietdijk-Putnam argument,2
Flag of Poland,2
John Parkinson (botanist),2
Ritchie Humphreys,2
River Severn,2
West Indian cricket team in England in 1900,2
California State Route 178,2
Robbie Fowler,2
Jonathan Frakes,2
Reelin,2
QI,2
Quatermass II,2
Quebec,2
Excel Saga,2
Fire Emblem: Path of Radiance,2
R. Madhavan,2
RKO Pictures,2
RNA interference,2
Josie and the Pussycats (TV series),2
Rabies,2
Religious Society of Friends,2
Radium,2
Rainbow flag,2
Ralphie the Buffalo,2
Capitol Limited (B&amp;O),2
Josephus,2
A Vindication of the Rights of Woman,2
Reasonable Doubt,2
HMS Ledbury (L90),2
Fist of the North Star,2
Candice Michelle,2
Red-tailed Hawk,2
Caravan of Courage: An Ewok Adventure,2
ASP.NET,2
Robert Clark (actor),2
AT&amp;T Corporate Center,2
Rudolf Duala Manga Bell,2
Rudolf Jakob Camerarius,2
Rugby league in England,2
Gunston Hall,2
Russian Ground Forces,2
John Brunt,2
Bruce Willis,2
Bruce Hornsby,2
Sa Re Ga Ma Pa Challenge 2005,2
John Boyd Thacher II,2
"John Churchill, 1st Duke of Marlborough",2
Brown v. Board of Education,2
John Baird (Canadian politician),2
Britney Spears,2
Wank Week,2
British Columbia,2
Brisbane Broncos,2
Brian Sings and Swings,2
Brian Epstein,2
Jim and Mary McCartney,2
Ford Taurus,2
Brazil,2
Brothers to the Rescue,2
Florida Atlantic University,2
Buffalo Grove ambush,2
Bughouse chess,2
Robert J. Wood,2
Aaron Sorkin,2
Robot Building,2
Roche limit,2
Rock and Roll (dance),2
Alistaire Stuart,2
CM Punk,2
Roger Crozier Saving Grace Award,2
Wesley Clark,2
Hey Baby (No Doubt song),2
Byzantium under the Komnenoi,2
Romaine Brooks,2
Heywood and Middleton (UK Parliament constituency),2
Roman Republican coinage,2
Flinders Petrie,2
Flood (Halo),2
Floppy disk,2
John Frusciante discography,2
HMS Affray (P421),2
Ron Paul,2
Weather with You,2
John F. Kennedy assassination,2
Burger King,2
Hairspray (2007 film),2
Pythia,2
Finnish language,2
Turquoise,2
Pittsburgh International Airport,2
F-84 Thunderjet,2
2012 Summer Olympics bids,2
Platypus,2
Józef Piłsudski,2
Pleasantville (film),2
Chinese Democracy,2
Pluto,2
Pisces Aphrodite,2
Pelé,2
Federal Bureau of Investigation,2
Federalist Papers,2
Kaziranga National Park,2
Pokémon,2
Polish October,2
Charles Barkley,2
Charismatic movement,2
Kazi Nazrul Islam,2
February 2007 North America Winter Storm,2
Petroicidae,2
Pirates of the Caribbean: The Curse of the Black Pearl,2
King Vulture,2
Henry's law,2
Fair trade,2
FairTax,2
Chen Yi (Kuomintang),2
Chef Aid: The South Park Album,2
Windows XP,2
Fantastic Universe,2
Physics,2
Pirates of the Caribbean: Dead Man's Chest,2
Windows 2000,2
Facing the Giants,2
Kim Kibum,2
Charles Sturt University,2
Charles Prince (cricketer),2
Kevin Pietersen,2
Pilot (House),2
Fantasy (Mariah Carey song),2
Pink Floyd live performances,2
Pickett's Charge,2
Characters of Final Fantasy XII,2
Politics of Pakistan,2
Changi Murals,2
Exponentiation,2
Paul Oscar,2
2006 Lebanon War,2
Final Fantasy II,2
Wii,2
Wihtred of Kent,2
Kabyle language,2
Paul Goldstein (tennis),2
69 Love Songs,2
Provinces of Thailand,2
Klaas-Jan Huntelaar,2
Final Fantasy III,2
Who Killed The JAMs?,2
KC Stadium,2
Klingon language,2
Pasta,2
Woolly Bugger,2
Channel M,2
2006 NFL Draft,2
Procellariiformes,2
Fighting in ice hockey,2
Pope,2
Pornography in the United States,2
Pederasty in ancient Greece,2
Chiropractic,2
Portugal,2
Feminist Sex Wars,2
Ferdinand Tönnies,2
Karşılama,2
Prisoner's dilemma,2
Peter Sarsgaard,2
Chaco Culture National Historical Park,2
39th Canadian Parliament,2
Presidents' Trophy,2
Karnataka,2
Princess Alice of Battenberg,2
"Henry of Grosmont, 1st Duke of Lancaster",2
Halton Castle,2
Prairie Avenue,2
Württemberg,3
Homer at the Bat,3
Uranus,3
Alexandru Averescu,3
Gurgen Margaryan,3
History of evolutionary thought,3
Uncle Tom's Cabin,3
History of American football,3
8 mm video format,3
Yoshitaka Amano,3
A Beautiful Mind (film),3
1920 Palestine riots,3
Ulrich Mühe,3
Variegated Fairy-wren,3
Where We Land,3
A Rush of Blood to the Head,3
Wild Arms,3
5th Avenue Theatre,3
"Herne Bay, Kent",3
Ailanthus altissima,3
York City F.C.,3
1960 New York air disaster,3
Western Australia,3
USS Illinois (BB-65),3
HMS E18,3
37 mm Gun M3,3
300 (film),3
History of York City F.C. (1908–1980),3
William W. Powers State Recreation Area,3
Univisium,3
3-D film,3
Hamlet chicken processing plant fire,3
Harisu,3
Holden,3
Sejanus,3
House of Gediminas,3
Final Fantasy XI,3
Final Fantasy VII,3
"Providence, Rhode Island",3
Castlevania: Dawn of Sorrow,3
Projection screen,3
Film noir,3
Film crew,3
Film colorization,3
Final Fantasy XII,3
Fight Club (film),3
Press Gang,3
"Presbyterian Ladies' College, Sydney",3
Planetarian: Chiisana Hoshi no Yume,3
Planet,3
Charlie and GyroMan,3
Che Guevara,3
Key (company),3
Chess handicap,3
Prince Louis of Battenberg,3
Phan Dinh Phung,3
Radon,3
Cape Feare,3
Runcorn,3
Rudelsburg,3
Royal Rumble,3
Buena Vista Social Club,3
Rookery Building,3
Tupolev TB-3,3
By the Way,3
C. S. Lewis,3
Raiders of the Lost Ark,3
Robot,3
"Robert Baden-Powell, 1st Baron Baden-Powell",3
Rob-B-Hood,3
Riverwind,3
Calgary Flames,3
Calgary Tigers,3
John W. Stevenson,3
Flag of Canada,3
Joseph Campbell,3
Robert College,3
John Babcock,3
Pennsylvania Route 39,3
Exposure value,3
Liberalism,3
Culture of Portugal,3
Lisa the Skeptic,3
Egypt,3
Mumia Abu-Jamal,3
Mona Best,3
Lupin III,3
Def Leppard,3
"Letters Written in Sweden, Norway, and Denmark",3
Derry City F.C.,3
Meteorological history of Hurricane Ivan,3
Metal Gear Solid,3
Digital terrestrial television in Australia,3
Dominik Hašek,3
Maurice &quot;Rocket&quot; Richard Trophy,3
Double Allergic,3
Marvel: Ultimate Alliance,3
Dungeness crab,3
DevilDriver,3
Pauline Fowler,3
Lethbridge,3
New York State Route 59,3
Christ Illusion,3
Exiles (Marvel Comics),3
Panzer I,3
Pan's Labyrinth,3
Cinerama,3
Outnumbered (British TV series),3
European Commission,3
Cleomenean War,3
New York State Route 345,3
Climate of India,3
Oklahoma State Highway 7,3
Ogle County Courthouse,3
Octopus card,3
Nutrition Assistance for Puerto Rico,3
Concorde,3
Le Quang Tung,3
Ninja Gaiden (2004 video game),3
Nina Simone,3
Operation Passage to Freedom,3
Johannes Kepler,3
Romeo and Juliet,3
Sarah Trimmer,3
I-35W Mississippi River bridge,3
IK Pegasi,3
The Power of Nightmares,3
The Pit and the Pendulum (1961 film),3
Arthropod,3
IWGP Junior Heavyweight Championship,3
Ian Chappell,3
The Simpsons Spin-Off Showcase,3
Georgia Tech traditions,3
"Ikata, Ehime",3
Telecine,3
Fly fishing,3
Autism,3
Indonesia,3
Institutions of the European Union,3
T-26,3
The Cat's Meow,3
Backyard cricket,3
Hyperfocal distance,3
Theory of relativity,3
House of Lords,3
Troy McClure,3
Tropical Storm Keith (1988),3
Tropical Storm Ingrid (2007),3
Amanita phalloides,3
Hurricane Alberto (1982),3
American Goldfinch,3
The University Match (cricket),3
Hurricane Florence (1988),3
André Kertész,3
Titanium tetrachloride,3
Anna Wintour,3
Anne of Denmark,3
Hurricane Neddy,3
Appalachian School of Law,3
Archimedes,3
Anand (2004 film),3
Ban Ki-moon,3
Tel Aviv,3
He Loves to Fly and He D'ohs,3
Itchy &amp; Scratchy: The Movie,3
South Side (Chicago),3
Sources of ancient Tamil history,3
Shamrock Hotel,3
Sophie Blanchard,3
Belarus,3
Fritz the Cat (film),3
Jamia Hamdard,3
Bill Brown (cricketer),3
Interstate 35E (Minnesota),3
Jackie Chan,3
Slavery in ancient Greece,3
Bhagat Singh,3
Bicycle and motorcycle dynamics,3
James Milner,3
Battleship,3
Silver Springs State Fish and Wildlife Area,3
Sega Mega Drive,3
Brabham BT19,3
Jason Voorhees,3
Battlefield Earth (film),3
Battle of Dyrrhachium (1081),3
Sunderland station,3
Boden Fortress,3
Jean Balukas,3
Blue Iguana,3
Battle for Henderson Field,3
Stuart Sutcliffe,3
Sukhoi Su-25,3
France national rugby union team,3
Treehouse of Horror (series),4
Mary Martha Sherwood,4
Manchester,4
God Hates Us All,4
Morotai Mutiny,4
Hurricane Isis (1998),4
Gregory of Nazianzus,4
Time on Earth,4
Flea (musician),4
Interstate 355,4
Happy Chandler,4
Internationalist (album),4
Charlie Macartney,4
Interstate 476,4
Technology of the Song Dynasty,4
2007 United States Air Force nuclear weapons incident,4
Australian Defence Force,4
Parapsychology,4
Crazy Taxi (series),4
Auguste Rodin,4
Texada Island,4
Casino Royale (2006 film),4
Quneitra,4
Entropy,4
One Hot Minute,4
Victoria Cross,4
Smolensk War,4
"Coral Springs, Florida",4
Cillian Murphy,4
Cannon,4
Age of Mythology,5
The Simpsons Movie,5
Typhoon Paka,5
