"title","distinct_revisions"
"The Lion King",24
"Luther Burbank",24
"Avatar: The Last Airbender",24
"Freak the Sheep Vol. 2",24
"Heroes of Wrestling",23
"Lady",24
"New York State Route 345",24
"Universe of Kingdom Hearts",24
"Helpless Automaton",16
"Samuel G. Arnold",24
"Dawson Creek",24
"David Leakey",24
"Silvia Farina Elia",22
"Nostradamus",24
"Great American Boycott",24
"A Rush of Blood to the Head",24
"First Macedonian War",24
"Polysynthetic language",23
"Janice Moodie",22
"Samuel Ullman",24
"Perinatal Group B Streptococcal Disease",23
"Arch form",24
"Homer Jacobson",15
"Robert Baden-Powell, 1st Baron Baden-Powell",24
"Wii",24
"BAFTA Award for Best Film",24
"IK Pegasi",24
"Mike Gartner",24
"Belly dance",24
"Coconut water",24
"Fox Ridge State Park",21
"Italian Renaissance",24
"London Underground",24
"History of Doctor Who",24
"Brescia",24
"CXCR4",22
"Gongsun Long",21
"Mohamed Salah El-Din",20
"Canada-United States relations",10
"The Wild Chase",22
"Devin Hester",24
"New Plymouth Express",23
"Sydney Riot of 1879",24
"Ring (mathematics)",24
"Helmut Dietl",21
"File Allocation Table",24
"Otsego County, New York",24
"Clapboard (architecture)",19
"O-Bahn Busway",24
"George Schaller",24
"Jackie Chan",24
"The Church of Jesus Christ of Latter-day Saints",24
"Battle of Gangut",23
"Cobra probe",21
"Fundamental (Pet Shop Boys album)",24
"Surtsey",24
"M-169 (Michigan highway)",17
"Olive",24
"Joe Mauer",24
"Tenacious D",24
"Development of Windows Vista",24
"Chagas disease",24
"Orchestra of the City",23
"Steatoda",24
"Octopus card",24
"Matthew Brettingham",24
"Lismore, New South Wales",24
"Emperor Guangwu of Han",24
"Replicator equation",23
"Ngurah Rai Stadium",14
"Charles Paget (conspirator)",20
"Apneustic center",24
"The Simpsons Movie",24
"Candice Michelle",24
"These Days: Live in Concert",24
"Islamic astronomy",5
"Alvord Independent School District",23
"Uranus",24
"Windows XP",24
"James K. Polk",24
"Battle of Uhud",24
"Pound sterling",24
"Hurricane Bob (1985)",24
"Sally Eaton",24
"Radium",24
"Tropical Storm Vamei",21
"Subtitle (captioning)",3
"Presbyterian Ladies' College, Sydney",24
"Orange County Fire Authority",24
"Evangelical Seminaries of Maulbronn and Blaubeuren",24
"Diary of a Camper",24
"Kosovo",24
"Sukhoi Su-25",24
"Homeopathy",24
"Jever",22
"Casey Sheehan",24
"Robot Building",14
"Carroll John Daly",20
"New York State Route 23",24
"Harry Galbreath",22
"Omphalotus nidiformis",21
"Digital terrestrial television in Australia",24
"Marmais",22
"Casino Royale (2006 film)",24
"Delia Bisutti",24
"Edmund Ignatius Rice",24
"Californication (album)",24
"Bemis Manufacturing Company",15
"Behaalotecha",24
"Roman Vishniac",24
"Talbot Samba",24
"TVR Cerbera Speed 12",24
"300 (film)",24
"Patellar Tendon Rupture",10
"Interstate 35E (Minnesota)",24
"Nottingham Panthers",24
"Chang (surname)",24
"Basiliscus",24
"Banksia kippistiana",22
"Flag of New Zealand",24
"The Rape of Nanking (book)",24
"Santa Clara, Cuba",24
"McDonald Bridge (Saskatoon)",4
"Carnian",24
"Elmo Smith",22
"Hayley Westenra",24
"Nauru",24
"Abbotsford-Mount Lehman",16
"European Commission",24
"Acute myeloid leukemia",24
"Rugby league in England",24
"Rudelsburg",20
"Meteorological history of Hurricane Wilma",23
"Amarillo, Texas",24
"Bloch wave",24
"Charles Samuel Joelson",24
"Kenji Harima",24
"British Isles (terminology)",9
"Tourist trap",24
"Hurricane Florence (1988)",23
"Dog Day Afternoon",24
"Ernie Toshack",23
"Asterby",24
"Tindale Crescent",14
"Historic Michigan Boulevard District",20
"Nikolai Ogarkov",22
"Battleship",24
"Battle of Corregidor",24
"Jason Voorhees",24
"Tropical Storm Jose (2005)",24
"Rollinia amazonica",17
"Atomic line filter",24
"Maniots",24
"The Simpsons (season 6)",24
"Battle of Farrukhabad",23
"Lalor Park, New South Wales",24
"Cowper Phipps Coles",23
"Amauti",23
"Arbutus Grove Provincial Park",6
"Frank Skinner",24
"Mihail Lascăr",23
"Interaction",24
"Crossothamnus",18
"Nine Inch Nails",24
"Adrian Conan Doyle",19
"Ulf Lundkvist",22
"Syntax highlighting",24
"Lewis Hamilton",24
"Michigan State University Housing",21
"Crawley",24
"Benjamin F. H. Witherell",18
"Heracles",24
"Edward Bridges, 1st Baron Bridges",22
"Ashford Green Corridor",20
"Dragonfly",24
"Elizabeth Cady Stanton",24
"Space Hulk (computer game)",7
"Tropical Storm Franklin (2005)",24
"John Mayer",24
"High Class in Borrowed Shoes",17
"General Motors",24
"Belarus",24
"Channel M",24
"Royal Gloucestershire, Berkshire and Wiltshire Regiment",24
"Company K",24
"Pasta",24
"Drum and bass",24
"Michaelmas and Upolu Cays National Park",4
"Battle of Anchialus",23
"South Africa",24
"Emilio Menéndez",5
"South Tyneside",24
"Cesar Fawcett",18
"4th Light Armored Reconnaissance Battalion",21
"Flag of Lithuania",24
"Typhoon Paka",23
"St Kilda, South Australia",24
"Century break",23
"Kalach-na-Donu",24
"1933 in New Zealand",24
"Krystian Godfryd Deybel de Hammerau",21
"Eilmer of Malmesbury",24
"Bob McEwen",24
"St. Francis Xavier High School (Sumter, South Carolina)",20
"Hurricane Nate (2005)",24
"Mechatronics",24
"Operation Passage to Freedom",19
"Duluth Township, Minnesota",5
"Brothers to the Rescue",24
"Wild Arms",24
"Steve James (producer)",20
"Wexford Park",24
"Lethal Enforcers",24
"Hisashi Igawa",20
"IFK Göteborg",24
"Monarch butterfly",24
"Cribbs Causeway",20
"2007 NFL Draft",24
"Bruno Vattovaz",14
"History of Colonial Hong Kong (1800s - 1930s)",5
"Ted Jolliffe",23
"Second Battle of Kharkov",24
"Instrument flight rules",24
"Yosemite National Park",24
"Flathead County, Montana",24
"Copper(II) acetate",24
"Kiraoli",24
"Economic torts",22
"Shadow of the Colossus",24
"Flag of Hong Kong",24
"Detailed walk through the codecision procedure",17
"Moondyne Joe",23
"Ir Ovot",21
"Greg F. Gifune",17
"Talbot Tagora",23
"Ailill Inbanda",13
"Orange (colour)",24
"History of science in the Renaissance",24
"Gibson, Georgia",24
"Definition of planet",24
"Cumacea",20
"Blue Wing Blitz",18
"Rollerball (1975 film)",24
"Lawrence Dale Bell",24
"Presidio of Santa Barbara",23
"Ipswich Town F.C.",24
"Issy Smith",24
"Cystic fibrosis",24
"Kevin Spacey",24
"The Chaser APEC pranks",14
"Something Up There Likes Me",18
"John Seigenthaler, Sr.",2
"Jamia Hamdard",21
"Ars moriendi",24
"Sulfuric acid",24
"Jay Pritzker Pavilion",16
"Roger Crozier Saving Grace Award",22
"El Al",24
"Austin Montego",24
"Capital Area Transportation Authority",24
"Glenrothes",24
"Tannehill Ironworks",24
"Sandy Lick Creek",3
"Min-nyi Min-tha",22
"Economy of Canada",24
"Hornet",23
"Arsenal F.C.",24
"Siege of Kiso Fukushima",16
"Rock and Roll (dance)",24
"Vkhutemas",23
"Michael Weiss (figure skater)",24
"Beyond Fantasy Fiction",24
"Gravitational lens",24
"American football",24
"Blue Network",24
"2003 NFL Draft",24
"Michael Gaul",21
"Timmy the Turtle",24
"Black pepper",24
"Claude Autant-Lara",23
"Fort Queenscliff",22
"Rhodium(III) chloride",23
"Asbjørn Listerud",13
"Malavan F.C.",24
"Dubstep",24
"55 Cancri e",24
"Cutting Boulevard",24
"Bo Christensen",21
"Transient lunar phenomenon",24
"In Desert and Wilderness",22
"Nuclear fusion",24
"Jim Brewer",22
"Ewart Brown",24
"Fantasy (Mariah Carey song)",24
"Kawasaki Heavy Industries C151 cars",2
"Sex Pistols",24
"Schizophrenia",24
"Thomas C. Hindman",23
"Platelet",24
"Saskatoon Sheiks",21
"Sociolinguistics research in India",23
"Hurricane Katrina",24
"Green Party of Canada",24
"Computer Memories Inc.",24
"Billy Kirkwood",23
"Harold and Inge Marcus Department of Industrial and Manufacturing Engineering",24
"Weather with You",18
"Lord of the Universe (documentary)",9
"Notostraca",24
"Joel Pettersson",22
"Thomas Jefferson",24
"Amedeo Avogadro",24
"Ed Schultz",24
"Timeline of Macintosh models",24
"Jason Varitek",24
"Princess Augusta Sophia of the United Kingdom",21
"Charlie and GyroMan",21
"USS Grosbeak (SP-566)",16
"Central Province (Papua New Guinea)",22
"Bulletin of the Chemical Society of Japan",24
"Sangokushi Online",24
"Flag of Denmark",24
"Trilobite",24
"Adam Baynes",24
"Jay Greene",24
"East End of London",24
"Aluminium chloride",24
"George Stoneman",24
"Dying Fetus",24
"Blitzkrieg",24
"Yoweri Museveni",24
"All Blacks versus France at rugby union",7
"Robert College",24
"Samuel L. Jackson",24
"Canon T90",24
"Parineeta (2005 film)",24
"Casablanca (film)",24
"City of Nedlands",24
"Dominik Hašek",24
"Evacuation of East Prussia",24
"Henry Cantrell",18
"Witold Lutosławski",24
"Stylidium",24
"Martinton Township, Iroquois County, Illinois",22
"Funeral of Pope John Paul II",24
"Pleasantville (film)",24
"Jean Balukas",24
"World of Warcraft",24
"Battle of Jilib",24
"Chiton (costume)",24
"Bruce Edward Johnson",8
"Cataloochee (Great Smoky Mountains)",16
"Azulejo",24
"Canada",24
"Fortitudo Cosenza",3
"Phoenix Zoo",24
"William W. Powers State Recreation Area",20
"All the Filth!",24
"Motohashi Seiichi",8
"Music history of the United States",23
"Constantine II of Scotland",23
"2004 NFL Draft",24
"Angkor Wat",24
"90th Infantry Division (United States)",24
"Windows 2000",24
"Fort Runyon",16
"Emil Haury",24
"Beall Woods State Park",22
"Kyle Abbot",24
"Charles Pahud de Mortanges",19
"Music of Italy",24
"Brigadeiro",23
"Madeira",24
"Margarita",24
"Bank of China (Hong Kong)",24
"Orion Nebula",24
"Adtwifyrdi",22
"Thiruvananthapuram",24
"Caravan of Courage: An Ewok Adventure",23
"Phil Riley",22
"Hurricane Isis (1998)",24
"Globular cluster",24
"Empire Earth",24
"Comedian",24
"Sarah Trimmer",24
"Housefly",24
"Chaco Culture National Historical Park",24
"Dainis Kūla",18
"Burger King",24
"Mater Dei Catholic College",23
"Mark Messier Leadership Award",22
"Finnish Evangelical Lutheran Church of America",21
"Param Vir Chakra",24
"Low-energy electron diffraction",24
"Galactic Republic",24
"Smolensk War",24
"Weapon dance",24
"Film colorization",24
"Shark",24
"Ortovero",19
"Circle",24
"Light Tank Mk VI",24
"The Cat's Meow",23
"Ammonia",24
"Rapping",24
"La Feria North, Texas",21
"Ed Schieffelin",23
"Murder of Sarah Payne",24
"Konnan",24
"Swiftfox",24
"Ban Ki-moon",24
"Tamil language",24
"Ficus hirsuta",17
"1954 Central American and Caribbean Games",22
"Uncle Tom's Cabin",24
"Henry H. Schwartz",18
"South Woodford",24
"Jesus",24
"Alex Curran",21
"History of the Colombian National Police",24
"Adam Kubert",24
"Fire Emblem: Path of Radiance",24
"Vijayanagara Empire",24
"Jean-Baptiste Élie de Beaumont",21
"Victoria Cross for New Zealand",22
"Empedocles",24
"Professor Longhair",24
"Operation Downfall",24
"Scott Special",22
"Apollo Junior High School",22
"Idiom Neutral",23
"Abyssinia, Henry",24
"Jacob Bauthumley",18
"Sophia Danenberg",22
"Alexander Turney Stewart",24
"Hayward Fault Zone",24
"Melbourne Storm",24
"Stanisław Lem",24
"37 mm Gun M3",24
"Iron Horse State Park",24
"EMD NW3",18
"Harness Racing Museum &amp; Hall of Fame",19
"Bruce Flegg",24
"Cities of the Philippines",24
"Tropical cyclone forecasting",21
"Edge of Darkness",24
"Boston College Eagles football",17
"Saudi Arabia",24
"Tiger shark",24
"Jerson Ravelo",24
"I Take Thee Quagmire",24
"Jacqueline Barton",24
"Hamlet chicken processing plant fire",24
"Omar Khadr",24
"Number",24
"Wamsutta",24
"Masaji Iguro",22
"Interstate H-201",24
"Toga",24
"Tropical Storm Bonnie (2004)",24
"Calgary Flames",24
"Copepod",24
"Lawyer",24
"Berbice River",23
"Projection screen",24
"Dachau concentration camp",24
"BBC UK regional tv on satellite",12
"Ferdinand Tönnies",24
"Olivier Messiaen",24
"Verbascum thapsus",24
"Flinders Petrie",24
"Benjamin of Tudela",24
"Scotch College, Perth",24
"California Southern Railroad",24
"African Union",24
"The Last Dangerous Visions",24
"The Pit and the Pendulum (1961 film)",24
"RKO Pictures",24
"R. Madhavan",24
"Lumbee",24
"Helium",24
"Kim Possible",24
"Ethylene",24
"Studio system",24
"The Illuminatus! Trilogy",24
"TCF Bank Stadium",24
"Asthma",24
"United States Bill of Rights",24
"Finnish language",24
"15th Marine Expeditionary Unit",24
"W. T. Cosgrave",24
"General relativity",24
"Thomas Lee (Virginia colonist)",24
"Diaper",24
"Jane Eyre (1996 film)",23
"Tengu",24
"Sudbury, Derbyshire",24
"Isaac Newton",24
"Kate Vernon",24
"Budi Lake",23
"Gay bathhouse",24
"Sesame Street",24
"Jenna Jameson",24
"National Gallery, London",7
"Education in England",24
"Scottish clan",24
"Parasaurolophus",24
"Senet",24
"Emanuel Swedenborg",24
"Accountancy",16
"John W. Stevenson",24
"Athens Lunatic Asylum",24
"Philippe Henri, Comte de Grimoard",15
"Geography of the Yukon",4
"Where We Land",18
"Kitzmiller v. Dover Area School District",24
"Wen Tianxiang",23
"Ahmose I",24
"Richard Bassett",13
"Brian Wilson (poker player)",22
"Byzantine-Seljuk wars",5
"Baden-Powell House",24
"British Rail Class 97",23
"Caseolus commixtus",17
"Cumbres and Toltec Scenic Railroad",23
"Transhumanism",24
"Oregon wine",23
"Ben Darwin",19
"The Economist",24
"Barbara Windsor",24
"Sir Boyle Roche, 1st Baronet",4
"OPN1MW",13
"California State Route 178",24
"ROF Elstow",21
"League of Nations",24
"Bangladesh",24
"Auguste Rodin",24
"Goldfinger (film)",24
"Romaine Brooks",24
"55th Wing",24
"Military history of Cuba",21
"École Polytechnique massacre",24
"Kentucky coffeetree",24
"West Virginia University",24
"14th Armored Division (United States)",23
"Guadalupe-Nipomo Dunes",20
"Aphid",24
"Superconductivity",24
"Yeti (comics)",23
"Golden Gospels of Henry III",16
"Carnivàle",24
"Foster City, California",24
"Ladder match",24
"A. D. Patel",23
"Corné Krige",23
"Avia BH-6",20
"X-FEN",23
"House of Federation",19
"Johannes Kepler",24
"Amilcar CGSS",24
"Checkerboarding (beekeeping)",22
"Orto botanico di Palermo",23
"Compact Muon Solenoid",24
"Oregon Outback",22
"Kaziranga National Park",24
"2005 NFL Draft",24
"Francesco Lamperti",22
"Hurricane Keith",24
"James Bond",24
"HMAS Pirie (J189)",24
"Dao Xin",10
"Little Saigon",24
"Gene Rayburn",24
"Aruna Irani",24
"Happy Chandler",24
"Jackie Ormes",23
"The Hobbit",24
"USS Illinois (BB-65)",24
"George Mason Lovering",24
"Valiant Comics",24
"Methodius of Olympus",24
"Rainbow flag",24
"Lithium aluminium hydride",24
"Hey Baby (No Doubt song)",24
"Avachinsky",22
"Fighting in ice hockey",24
"Go-Back-N ARQ",23
"Mantis shrimp",24
"Panavision",24
"Pericles",24
"Josie and the Pussycats (TV series)",24
"Soft tyranny",23
"Iris versicolor",24
"Lasnamäe",20
"Vermont",24
"Battle of Greece",24
"Kyle Baker",24
"Aztec codices",24
"Maverick (book)",24
"Clan Fraser",24
"Bill Johnston (cricketer)",20
"Claudius",24
"Aggression",24
"2004 Atlantic hurricane season",24
"Union Army Balloon Corps",24
"Carnivorous plant",24
"History of United States cricket",24
"Frank J. Selke Trophy",23
"Gregory House",24
"Brunswick Street railway station, Brisbane",3
"Ghost town",24
"Grand Duchess Maria Nikolaevna of Russia",10
"...In Your Eyes",19
"IWGP World Tag Team Championship",11
"Erg (landform)",24
"Canadian Academy of Endodontics",19
"Carolyn Jenkins",21
"Cello",24
"Nathu La",24
"Otto von Bismarck",24
"Mass of Paul VI",24
"D. G. Champernowne",22
"Green Wing",24
"Ontario",24
"PWE3",15
"Michael Henderson",23
"Changi Murals",20
"Power: A New Social Analysis",24
"Tick",24
"United Malays National Organisation",24
"Lethbridge",24
"Alameda County Water District",16
"Lenny Montana",24
"Affluence in the United States",24
"Jordan",24
"Doris Packer",20
"Copyright infringement",24
"Bruce Willis",24
"QCD matter",24
"2006 Chick-fil-A Bowl",15
"Resident Evil: Apocalypse",24
"Hydrochloric acid",24
"Bay Point, California",23
"Borský Mikuláš",23
"Karben",23
"Teresa Carpio",24
"Daitya",24
"Chester Thompson",24
"Portuguese grammar",24
"Tet Offensive",24
"Tennessee Public Service Commission",24
"Material properties of diamond",24
"The Relapse",24
"The Orb",24
"Lost in Time (video game)",24
"Cinerama",24
"Taunton, Massachusetts",24
"Don Collins",19
"Institutions of the European Union",23
"Éomund",24
"Norte Chico civilization",24
"Heale's Lock",22
"Robert J. Wood",16
"Epiphyllum pumilum",14
"Johnstown Flood",24
"Cameron McIntyre (rugby player)",8
"B movies (Hollywood Golden Age)",23
"CZW World Heavyweight Championship",22
"Cirque du Soleil",24
"Georgia State Route 54",24
"Kompas",24
"Academic dishonesty",24
"The Power of Nightmares",24
"Red-figure pottery",24
"Las Vegas Strip",24
"Royal Wiltshire Yeomanry",21
"Todd Rokita",21
"Bommarillu",24
"History of American football",24
"George III of the United Kingdom",24
"Sparks (band)",24
"Arlington Boulevard",16
"Romanization of Japanese",24
"Cyclogenesis",24
"Heartbreaker (Free album)",24
"Kizeme",22
"Campaign history of the Roman military",24
"Donald E. Williams",24
"Jonathan Frakes",24
"Karthago Airlines",24
"Cardiff Canton TMD",21
"Tajikistani ruble",24
"Halton Castle",24
"Dirk Dirksen",23
"Pennsylvania Route 39",24
"Stars!",24
"Economy of Mexico",24
"Woolly Bugger",24
"Fritz the Cat (film)",24
"Blaise Pascal",24
"Gadsden, Alabama",24
"USS MacKenzie (DD-614)",23
"Grant Davies",21
"Hazel Hannan",21
"Picts",24
"Evolutionarily stable strategy",24
"Second Sudanese Civil War",24
"Margaret Avery",24
"Dantian",24
"Aberystwyth railway station",22
"Bruno de Heceta",22
"Interlingua",24
"Metropolitan Atlanta Rapid Transit Authority",24
"Shamrock Hotel",24
"Municipalities of Lithuania",23
"Endoscopic foreign body retrieval",24
"Charles Grant (British East India Company)",23
"Strider SMF",24
"Fort Bayard (Washington, D.C.)",17
"Asterix and the Laurel Wreath",24
"Heinz Kohut",22
"Light-emitting diode",24
"Cowboy Bebop",24
"Red vs. Blue",24
"Mars",24
"Kabbalistic astrology",24
"Evolutionary history of life",18
"Madame Satã (film)",22
"Lake Charles, Louisiana",24
"Aftermath of the Polish-Soviet War",4
"Mona Best",22
"Biff Malibu",20
"Soap opera",24
"Classic Rock (magazine)",24
"Pickett's Charge",24
"Mars Scout Program",24
"Michael Oakeshott",24
"Fly fishing",24
"Gideon Mantell",24
"Frank Gaul",13
"Latter Days",24
"Protura",24
"Tom DeLay",24
"Hanseatic League",24
"Western honey bee",24
"Hawaiian architecture",24
"Electoral district of Burwood (New South Wales)",21
"Leopold von Ranke",24
"Phosphoryl chloride",24
"Dieterich Buxtehude",24
"Matsuo Bashō",24
"Phosphorus tribromide",24
"Big Bang",24
"Dark Danny",24
"Ancylus ashangiensis",17
"André Derain",24
"Oregon Attorney General",23
"Vitamin",24
"Enter the Wu-Tang (36 Chambers)",24
"Summer of '42",24
"Alexandros Panagoulis",24
"Greeley Estates",24
"Bicycle and motorcycle dynamics",24
"Arsenal Stadium",24
"Jerzy Engel",24
"Raiders of the Lost Ark",24
"Boden Fortress",24
"E. L. Henry",24
"Timeline of discovery of Solar System planets and their moons",24
"Cully, Portland, Oregon",17
"Pornography in the United States",24
"Autism",24
"Chunchucmil",24
"Thompson Capper",18
"Battle of Waddams Grove",18
"Silverpit crater",24
"Spider bite",24
"Nature study",23
"Chudleigh Knighton",24
"My Musical",24
"Death In June",7
"John Babcock",22
"Cadair Idris",24
"Blue Ridge, Alberta",17
"John Canfield Spencer",23
"Golden ratio",24
"Provinces of Thailand",24
"Gala RFC",22
"Tasman Bridge",24
"Scorpion",24
"Night of the Ghouls",24
"Renal tubular acidosis",24
"Eurovision Song Contest",24
"Characters of StarCraft",18
"Cerebral hypoxia",24
"Bruce Hornsby",24
"United States ten-dollar bill",24
"Haunting the Chapel",22
"Option (aircraft purchasing)",13
"Alphonso, Earl of Chester",24
"Ballard Carnegie Library",15
"Gail Jones",23
"Humberto Coelho",24
"The Oprah Winfrey Show",24
"Talmo, New South Wales",23
"Anachrophobia",24
"Industrial Revolution",24
"USS Heliotrope (1863)",15
"Procellariiformes",23
"K-os",24
"Sinistar",24
"Karl von Auwers",15
"Hurricane Paul (2006)",23
"Infrared",24
"Return of Saturn",24
"Delimiter",24
"Grand Crimean Central Railway",23
"Dane Krager",11
"Holy (short story)",15
"Wind It Up (Gwen Stefani song)",24
"Milton of Balgonie Primary School",23
"Ron Paul",24
"Meier Tzelniker",5
"Nepenthes inermis",24
"Malaria",24
"Almendares (baseball club)",10
"Electrical engineering",24
"Vandal Savage",24
"Doctorin' the Tardis",24
"Isle of Inishmore",5
"History of the rupee",24
"Hangul",24
"Singapore Armed Forces Commando Formation",23
"Fluorescence recovery after photobleaching",23
"Bill Woodfull",22
"Gilbert and Sullivan",24
"Susannah Constantine",24
"Alex Pettyfer",24
"Apollo 8",24
"Batu Lintang camp",22
"James Wyllie",20
"Wet oxidation",18
"Attalus I",23
"Autoconf",24
"Cyclone Gonu",19
"Hurricane Ignacio (2003)",24
"St. Clair Tunnel",24
"Les Amants de Montparnasse",5
"Press Gang",24
"Bristol Rovers F.C. season 2006-07",5
"Insulin",24
"Parapsychology",24
"1994 San Marino Grand Prix",24
"Pokémon",24
"Charles Bettelheim",22
"Caesium fluoride",24
"Sanhedrin",24
"Blériot 5190",18
"Beverley Knight",24
"Grand Central Station (Chicago)",22
"Still, Bas-Rhin",15
"Princeton Day School",24
"Helicobacter pylori",24
"History of poison",21
"Sirius",24
"Foreign relations of Syria",24
"Rival Cadeau",19
"Alejandro Tapia y Rivera",22
"Money supply",24
"Xenu",24
"Kevin Pietersen",24
"The Sleeze Brothers",22
"George Brown, Baron George-Brown",24
"Waterlow Park",24
"Cityscape of Ashland, Kentucky",24
"Starkid",22
"La Grande Armée",6
"Numerical diffusion",24
"Sant'Agnese in Agone",24
"Hurricane Danny (2003)",23
"Grand Prix 2 (game)",9
"Montesarchio",21
"Brian Epstein",24
"Empfingen",24
"Ashwath Sundarasen",24
"Granville Ryrie",24
"Fichtenau",22
"Kenny Rogers (baseball)",24
"Pilot (House)",24
"HMS Affray (P421)",24
"Cat's Eye Nebula",24
"Ali Ashfaq",19
"Demographics of Philadelphia",23
"Law",24
"William T. Anderson",24
"San Francisco de Dos Ríos, San José, Costa Rica",24
"Fingerprints: The Best of Powderfinger, 1994-2000",7
"Second Ostend Raid",17
"Vulgar Latin",24
"Death Valley National Park",24
"USS Tracy (DD-214)",24
"Word",24
"Robot",24
"Harry Truman (song)",24
"Time on Earth",23
"Riverwind",23
"Trinity Hall, Dublin",21
"He Loves to Fly and He D'ohs",20
"Mustafa Denizli",24
"Prince Louis of Battenberg",23
"Nickel (United States coin)",24
"Panzer I",24
"Crotalus molossus",23
"Ulrike Sarvari",16
"Pribnow box",23
"Zygmunt Muchniewski",24
"Stuart Sutcliffe",24
"Electroencephalography",24
"The One with Ross's Wedding",24
"Laithkirk",22
"Doctor Who",24
"Arthur Upfield",24
"Escrow payment",24
"Sweden at the 1912 Summer Olympics",23
"Helen",24
"Ooh La La (song)",5
"Northern Kentucky University",24
"Manitoba Legislative Building",24
"Wesley Clark",24
"Brown recluse spider",24
"Typhoon Xangsane",24
"Fightin' Texas Aggie Band",24
"1933 Atlantic hurricane season",24
"Ritchie Humphreys",24
"Mammoth Cave National Park",24
"Jim Thorpe",24
"Stuttering",24
"Harisu",24
"Taco Liberty Bell",21
"Ubora Commercial Tower",14
"Solo Journey",23
"Sangguniang Panlalawigan",13
"Growth of the Old Swiss Confederacy",24
"Japanese art",24
"Lisa's Wedding",24
"Glycerine (song)",24
"ASP.NET",24
"Master Chief (Halo)",24
"Severn Tunnel",24
"1997-98 Tennessee Lady Vols basketball team",1
"Melvin Rhyne",21
"Sanssouci",24
"Project Stormfury",21
"Urea",24
"United States Securities and Exchange Commission",10
"Harvey Logan",24
"Effects of Hurricane Isabel in North Carolina",24
"Empire Earth: The Art of Conquest",24
"Effects of Hurricane Isabel in New Jersey",24
"Swissair Flight 111",24
"West End of London",24
"20th Division (Imperial Japanese Army)",24
"The Canine Mutiny",24
"Hepatocellular carcinoma",24
"Absolute Beginners (film)",23
"Jahn Teigen",24
"Graphic novel",24
"Gillebríghde Albanach",24
"Gumby: The Movie",24
"Dalibor Cyril Vačkář",23
"Tulsa, Oklahoma",24
"DirectSetup",5
"Stickler syndrome",24
"Pamela Courson",24
"Saint Kitts and Nevis",24
"Quincy University",24
"Color motion picture film",24
"John Frusciante discography",24
"Dot (diacritic)",24
"Hairspray (2007 film)",24
"Alberta",24
"Portugal",24
"Ohio Wesleyan University",24
"Anne of Denmark",24
"Epeli Nailatikau",24
"Voivodes of the Polish-Lithuanian Commonwealth",7
"Shaqraa",15
"A124 road",17
"Célestin Harst",15
"Alcobaça Monastery",24
"Common scold",24
"USS Black Douglas (PYc-45)",19
"NATO",24
"108th United States Congress",24
"Klaas Reimer",24
"EgyptAir Flight 648",24
"Nagorno-Karabakh War",24
"Quatermass II",23
"Murder of Robert McCartney",24
"Buddhism in the United States",24
"Boccaccio Boccaccino",24
"Japanese name",24
"Education in Singapore",24
"WWE SmackDown! vs. Raw 2006",24
"Mark Twain House",23
"Adonias Filho",23
"Wihtred of Kent",20
"John Paddock",24
"Leonhard Euler",24
"Nelvana",24
"King's Regiment (Liverpool)",24
"Mildred Harnack",24
"1962 South Vietnamese Presidential Palace bombing",9
"Sean Connery",24
"Inés Ayala",23
"Pinyin",24
"Tales from the Emerald Sword Saga",24
"Ann Arbor, Michigan",24
"Absinthe",24
"Tzaraath",24
"Rockell",24
"Peano axioms",24
"Constantius III",24
"Aran Islands",24
"Ulrich Mühe",24
"Jumping spider",24
"Bond (finance)",24
"Public housing in Puerto Rico",24
"Jack Tatum",24
"Milky Way",24
"Film noir",24
"House of Wisdom",24
"Flea (musician)",24
"Catholicos Baselios Thomas I",4
"Juuru Parish",17
"DevilDriver",24
"Polyethylene",24
"Backyard cricket",24
"Thutmose IV",24
"Daniel W. Marmon",24
"Unus pro omnibus, omnes pro uno",22
"ITunes",24
"Bancroft, Ontario",22
"Thumper (Bambi)",23
"Fantastic Universe",24
"Nigel Starmer-Smith",24
"Great Barrier Reef",24
"Enzyme kinetics",24
"Langley, Kent",15
"Du Fu",24
"Service pistol",24
"Morris Minor",23
"Super Mario 64",24
"Blue Monday (opera)",23
"Equity of redemption",24
"P. K. van der Byl",24
"Battle of Hampton Roads",24
"Tyson Wahl",19
"Sean Kenniff",24
"Xi Zheng",21
"2007 United States Air Force nuclear weapons incident",16
"Mac OS 9",24
"Tishomingo, Mississippi",22
"International Longshore and Warehouse Union",23
"Heywood and Middleton (UK Parliament constituency)",24
"Timeline of chemistry",23
"Bacteria",24
"Edwin of Northumbria",24
"Mathematics",24
"Turkish literature",24
"A38(M) motorway",23
"Scott McKay",24
"Chad Gracey",23
"Tropical Storm Ana (2003)",23
"Siege of Syracuse (212 BC)",3
"Climate of India",24
"Moon",24
"With Friends Like These...",24
"Damascus steel",24
"A Ghost Is Born",24
"Hyperfocal distance",24
"Able Archer 83",24
"Prairie Avenue",24
"Univisium",21
"Pink Floyd live performances",24
"West Fraser Timber",21
"Pseudoscorpion",24
"Helga Gitmark",24
"Ludwig Adolf Wilhelm von Lützow",23
"By the Way",24
"Tel Aviv",24
"Los Angeles County Sheriff's Department",24
"Eureka: A Prose Poem",24
"Marc Lépine",24
"South Ossetia",24
"RNA interference",24
"Foundation Franklin",22
"Mackinac Island",24
"Nelly Furtado",24
"Asahi Broadcasting Aomori",23
"Paul Rand",24
"Hanna-Barbera",24
"Music of Albania",24
"Amanita phalloides",24
"Florida Atlantic University",24
"Antigonish Arena",24
"Rubik's Cube",24
"Taíno",24
"Frank Klepacki",24
"Second Battle of Fallujah",24
"Gay Men's Chorus of San Diego",24
"FairTax",24
"Mary Tamm",24
"Jordan River",24
"Fire of Moscow (1812)",24
"2005 Rugby League Tri-Nations",21
"Food intolerance",22
"Cheetah",24
"Backmasking",24
"Nocturne (band)",23
"Black hole",24
"Upland Unified School District",24
"Diplura",22
"Foremarke Hall",24
"Richard Hunt (puppeteer)",19
"Chris Woodhead",24
"Sarah Marshall",2
"Say It Right",24
"Lake_Wales_Historic_Residential_District",21
"Sullivan Bluth Studios",24
"Paul Simon",24
"Smedley Butler",24
"Ailanthus altissima",24
"Symphony No. 5 (Beethoven)",24
"Bengali language",24
"Black Isle's Torn",24
"Imperial Japanese Navy",24
"Kirk Hyslop",24
"Double Allergic",24
"Girish Chandra Sen",22
"Francesco Balducci Pegolotti",21
"Albert F. Dawson",19
"Chrono Trigger",24
"Partial pressure",24
"Pluto",24
"Wamba",19
"One Hot Minute",24
"Chinese Democracy",24
"Milk",24
"Maize",24
"Nora Dunn",24
"Gregory Campbell (politician)",24
"Col de la Croix-Morand",24
"Ridge Route",24
"Aimé Lepercq",21
"Transformer",24
"Insect",24
"Omega Township, Marion County, Illinois",19
"Arthur Rose Eldred",24
"Timothy Blackstone",23
"Continuous distillation",24
"New Madrid Earthquake",9
"Pinguicula moranensis",24
"Steve Roach",9
"Nina Simone",24
"Flood (Halo)",24
"BBC",24
"Fermi paradox",24
"Florence Louise Pettitt",24
"Summer Sucks",24
"Timeline of telescopes, observatories, and observing technology",24
"Ji Xinpeng",21
"Chiropractic",24
"American Eagle Outfitters",24
"Aleksandr Vasilevsky",24
"Elgin Cathedral",24
"Jurassic Park franchise",10
"Charles DeRudio",22
"Kearny Street",24
"Arthropod",24
"Mitsuyo Maeda",24
"Keichū",24
"Barton S. Alexander",16
"Leslie Herron",20
"Effect of Hurricane Katrina on New Orleans",10
"Steve Largent",24
"Traditional music",24
"Azula",24
"Le Corsaire",24
"Income inequality in the United States",19
"Tango music",24
"European symbols",6
"Steinerud (station)",22
"Music of Minnesota",24
"Plutonium",24
"Hurricane Linda (1997)",23
"The Ship (TV series)",20
"Wellington, Somerset",24
"Gliding",24
"Who Killed The JAMs?",24
"Taxonomy of Banksia integrifolia",24
"Bennie Railplane",23
"Ivan Wilzig",18
"Leeroy Stagger",21
"Encyclopædia Britannica",24
"Vanadinite",24
"Heparin",24
"Leonard Orban",24
"Sodium hydroxide",24
"Manchester",24
"Sapindaceae",24
"History of Miami, Florida",3
"Lubbock High School",24
"Xian MA60",24
"Pope",24
"Fort Corcoran",17
"Long-term potentiation",24
"Zhu De",24
"Brian Sings and Swings",24
"Caffeine",24
"Scottish Railway Preservation Society",23
"Altruism",24
"Gastón Pauls",24
"Development of The Elder Scrolls IV: Oblivion",18
"Schallbach",22
"New Zealand elections",8
"Floppy disk",24
"Zygiella x-notata",24
"Ernest Edward Galpin",24
"Nature",24
"Mike Ruth",23
"Effects of Hurricane Isabel in Maryland and Washington, D.C.",24
"The Headbangers",24
"Rudolf Duala Manga Bell",24
"Siamun",24
"Binary star",24
"Reelin",24
"HMS E18",24
"Hepialidae",24
"Chad Little",24
"Malpighian tubule system",24
"Pike Place Market",24
"Sheffield Wednesday F.C.",24
"Goblin (Dungeons &amp; Dragons)",24
"Cross Creeks National Wildlife Refuge",14
"Tigrinya language",24
"1928 Okeechobee Hurricane",7
"Turnip Prize",24
"Gary Kikaya",24
"Perry Como",24
"Will Hay",24
"Escape velocity",24
"Victoria of Baden",24
"Exponentiation",24
"Fokker 100",24
"Leven Canal",22
"Jamie Zawinski",24
"Anand (2004 film)",21
"Bughouse chess",24
"Ahmedabad",24
"Acetic acid",24
"History of crossbows",17
"MetroCentre",21
"Chen Yi (Kuomintang)",23
"Adjassou-Linguetor",22
"Taconic orogeny",24
"History of cricket in New Zealand to 1890",24
"Charles Duncombe, 1st Baron Feversham",24
"First Crusade",24
"The Big O",24
"Jonathan Chase (colonel)",24
"H II region",24
"Heavy Weather (song)",19
"Blue Ensign",24
"History of Limerick",24
"Final Fantasy XI",24
"Lidwina",21
"Helicopter",24
"Taken at the Flood",23
"Nestoritsa",18
"Geoffrey Fieger",23
"Hamilton Tigers",24
"Irgun",24
"Yakuza film",23
"ENIAC",24
"John Wilkes Booth",24
"8 mm video format",24
"110th United States Congress",24
"USS Detroit (C-10)",24
"Morris Lurie",22
"Our Lady of Guadalupe",24
"Troy McClure",24
"Sarracenia",24
"Tropical Depression Nine (2003)",23
"Paul Hegarty (Irish footballer)",24
"Jim Taylor (explorer)",21
"Assata Shakur",24
"Yukawa interaction",24
"Munster",24
"History of the British Virgin Islands",24
"Fremen",24
"Chicago 19",24
"Rodrigo y Gabriela (album)",24
"Baraita of the Forty-nine Rules",24
"1928 Summer Olympics medal count",5
"Ubuntu (Linux distribution)",9
"Banditti of the Prairie",22
"Interstate 476",24
"Mocca.com",14
"Battle of Badr",24
"Pirates of the Caribbean: The Curse of the Black Pearl",24
"Milwaukee Road class EP-2",24
"T. Dan Smith",24
"Devery Henderson",24
"Australian Defence Force",24
"Sikh diaspora",16
"Educational psychology",24
"François Rabelais",24
"Political integration of India",24
"New Jersey Devils",24
"Politics of Pakistan",24
"Violin Concerto (Mendelssohn)",23
"Virginia State Route 600 (Accomack and Northampton Counties)",22
"Work ethic",23
"Cheonsa Misonyeo",17
"Taylor, British Columbia",24
"Horseshoe crab",22
"Crime and Punishment",24
"Francisco Pacheco (singer)",22
"Alcibiades",24
"Clinton Toopi",24
"History of Portugal (1777–1834)",24
"Average Joe",24
"Crohn's disease",24
"B movie",24
"Battle of Dien Bien Phu",24
"Liberalism",24
"Piedad Córdoba",14
"Penescosta mathewsi",17
"Jeff Gannon",24
"Die Hard",24
"Jerry Lucas",24
"Spontaneous symmetry breaking",22
"Def Leppard",24
"Matt Groening",24
"Right whale",24
"Civil parish",24
"Ayya Vaikundar",23
"Sorting algorithm",24
"Battle of Smolensk (1943)",24
"Sheikh Mujibur Rahman",24
"Krill fishery",23
"Aeroamerica",13
"Sonic Youth discography",24
"Pete Alvarado",22
"Unnamed_Tropical_Storm_(2006)",4
"Order of Christ (Portugal)",24
"Excel Saga",24
"Sivaganga",24
"Historically black colleges and universities",24
"National Soccer League",24
"Malift Air",24
"103rd Ohio Infantry",20
"Highways Act 1562",20
"Egyptians",24
"The Spy Who Loved Me (film)",24
"Janesville Country Club",18
"Fly to the Sky",24
"Battle of Stillman's Run",24
"Minneapolis, Minnesota",3
"Cougar",24
"Scaled Composites White Knight Two",24
"Comet",24
"Gurgen Margaryan",24
"Diocese of Ubon Ratchathani",6
"Battlefield Earth (film)",24
"West Liberty Foods",24
"Waller Hall",22
"Boy (1980s band)",24
"Führerbunker",24
"Moidore",24
"Faye Morton",21
"Boogiepop series",23
"Four color theorem",24
"Rhode Island",24
"Brown v. Board of Education",24
"Order of Vytautas the Great",24
"Tyrese Gibson",24
"Levi T. Griffin",21
"Lafcadio Hearn",24
"Darren Craddock",24
"Shield of the Trinity",24
"Cornerstone (software)",15
"Dianetics",24
"2005 Sony BMG CD copy prevention scandal",10
"Avengers (comics)",24
"Graphium agamemnon",22
"Frank Carlson",24
"E. V. Krishna Pillai",21
"Sheldon Dick",19
"Aksumite currency",24
"Sōshi-kaimei",22
"Pilot (Cold Feet)",13
"Surviving veterans of World War I",3
"Love Police Records",23
"Clinical psychology",24
"Guinea pig",24
"Tropical Storm Peter (2003)",23
"West Bengal",24
"Isle of Portland",24
"Charles Edward Magoon",24
"The University Match (cricket)",21
"Bernie Kosar",24
"David Carruthers",24
"Man Enters the Cosmos",16
"Josephus",24
"Slavery in ancient Greece",24
"Reinforced concrete",24
"United Electrical, Radio and Machine Workers of America",24
"Mauritian rupee",24
"Entropy",24
"Hurricane Alberto (1982)",23
"Emma Paki",24
"Grand Forks, North Dakota",24
"Maureen Arthur",22
"Thunder Bay Twins",15
"Nathuram Premi",19
"Blob (comics)",24
"G. V. Loganathan",21
"Can't Stop the Music",24
"Crossfire",22
"St John's College, Woodlawn",24
"Bhagat Singh",24
"Serial Experiments Lain",24
"Charles Moss (cyclist)",21
"ISU-122",23
"Batman Begins",24
"St. Louis Cardinals",24
"Banksia ericifolia",21
"Bernard Ebbers",24
"Tropical Storm Beryl (1988)",22
"Ardra (nakshatra)",23
"Jim and Mary McCartney",15
"Mbala Mbuta Biscotte",24
"Fustat",24
"Rosebud, Victoria",24
"Jay Ruby",24
"Lake Tahoe",24
"Siraj ud-Daulah",24
"Comanche",24
"K. C. Irving",24
"Commercial bank",24
"Parry Aftab",24
"Mount Vesuvius",24
"Exposure value",24
"Laika",24
"Lewis Nash",24
"Quatermass and the Pit",24
"Houston Independent School District",24
"Ezras Israel Synagogue",21
"Aristolochiaceae",23
"Western Australia",24
"Particle in a box",23
"Jaguar XJS",24
"Fritz Ermarth",24
"Wank Week",24
"Mark Hammett",24
"Michael Brown Okinawa assault incident",21
"Fiberglass",24
"DF- 4",6
"Flag of the United States",24
"San Marino",24
"University of Texas at Austin",24
"Middle power",24
"Mantra",24
"Lake Chaubunagungamaug",24
"Anne Palmer (cricketer)",21
"Stojan Protić",23
"Juliette Binoche",24
"Algerian Civil War",24
"Old Burdon",17
"Meanest Man Contest",21
"Theory of relativity",24
"Expedition Everest",24
"The Amazing Spider-Man",24
"Amazing Grace (comics)",23
"Rabies",24
"2006 NFL Draft",24
"Radon",24
"Northeastern United States tornado outbreak of 1989",1
"Pavel Gerdt",24
"Condoleezza Rice",24
"The Hitchhiker's Guide to the Galaxy",24
"Yodfat",19
"Marvel: Ultimate Alliance",24
"Music of Saint Lucia",23
"Cockroach",24
"Domingo Chavez",24
"Tropical Storm Keith (1988)",22
"Vampire: The Masquerade - Bloodlines",2
"Fauna of Puerto Rico",24
"In the Groove (video game)",24
"Coconino National Forest",24
"Gbe languages",24
"Cheng Yen",24
"John Mueller",24
"18-Hydroxycorticosterone",22
"Prisoner's dilemma",24
"After Death",24
"Jacob Metius",24
"Lodovico Lazzarelli",24
"Lighthouse",24
"Zveno project",21
"Nuclear power by country",24
"Ian McDiarmid",24
"Backgammon",24
"NZR RM class (Vulcan)",23
"Polish October",21
"Creative destruction",24
"Brabham BT19",22
"Ian Thorpe",24
"Middle-earth",24
"Joseph Campbell",24
"Alistaire Stuart",24
"Joseph Radetzky von Radetz",24
"Mannitol",24
"Vezina Trophy",24
"History of Puerto Rico",24
"Roger Williams (professor)",16
"2003 Atlantic hurricane season",24
"Australian armoured units of World War II",24
"Jupiter",24
"George Shield",24
"Music of Hungary",24
"3 Juno",24
"The Chaser's War on Everything",24
"New York Dolls",24
"Gela",23
"Ted Radcliffe",23
"Gogita Gogua",22
"List of basic geography topics",24
"Association football",24
"Bill Murray",24
"Keremcem",17
"BenQ",24
"F.E.A.R.",24
"Banking in Switzerland",24
"Sa Re Ga Ma Pa Challenge 2005",24
"Sunderland station",24
"Conway Park railway station",24
"Flag of Poland",24
"Natalie Clifford Barney",24
"Cino da Pistoia",23
"History of baseball in the United States",24
"Pisces Aphrodite",24
"LANSA Flight 502",24
"National parks of England and Wales",22
"A Little Too Late",15
"San Francisco-Oakland Bay Bridge",8
"David Dixon Porter",24
"Poincaré conjecture",24
"The Four Stages of Cruelty",24
"Ghostflower",4
"Ladislav Pataki",21
"USS John P. Jackson (1860)",24
"Steam ship Élise",9
"West Indian cricket team in England in 1900",23
"Sihanouk Trail",24
"Kuribayashi Satoshi",9
"Coonoor",24
"Maltose alpha-D-glucosyltransferase",14
"Speed skiing at the 1992 Winter Olympics",13
"Ploidy",24
"James Cameron",24
"Marquis de Condorcet",24
"Bill Macrae",20
"Battle of Shiloh",24
"X-Men 2099",23
"Subhas Chandra Bose",24
"Cillian Murphy",24
"Allan Massie",24
"Tropical Storm Dean (2001)",24
"Clarendon, Texas",24
"Leotard",24
"John Parkinson (botanist)",23
"Miranda (moon)",24
"Cupertino, California",24
"Chinese checkers",24
"Jean Shepherd",24
"Offerings II: All I Have to Give",23
"Brand",24
"Yasin Çakmak",20
"Robbie Fowler",24
"Jack McBride",22
"Edwin Alderson",16
"Spider-Man 3",24
"Enzyme inhibitor",24
"Yannis Makriyannis",24
"Reuben White",24
"Tynan Abbey",24
"Michael Schumacher",24
"Suharto",24
"Emergency medicine",24
"Tekken: The Motion Picture",24
"Noble House",24
"London Underground Standard Stock",23
"The Moth and the Star",23
"Ho Chi Minh trail",24
"453d Electronic Warfare Squadron",18
"Charlie Macartney",23
"Nightwalker",5
"Marketing management",24
"History of New Brunswick",24
"Aristarchus (crater)",24
"2006 Lebanon War",24
"Calgary Tigers",19
"Hot air balloon",24
"Annibale Carracci",24
"Charles Barkley",24
"Klaas-Jan Huntelaar",24
"Polistes",24
"United States national cricket team",24
"Burt Bacharach",24
"Far-Seer",21
"Yellowstone fires of 1988",24
"Unnamed Hurricane (1975)",4
"Victoria Cross",24
"Collapse of the World Trade Center",24
"Unicornography",17
"Key (company)",24
"Artery",24
"T-26",24
"Docklands Light Railway",24
"Interstate 15 in Nevada",17
"Gray Lady Down",24
"Ziaur Rahman",24
"Battle of Edson's Ridge",24
"2002 NFL Draft",24
"Morten Veland",24
"Portuguese literature",24
"Jazz and Jailbirds",17
"The Rocky Horror Picture Show",24
"Bonaparte Crossing the Alps",17
"Telmatherina bonti",17
"Hurricane Helene (2006)",24
"Ernst Mohr",24
"Gas metal arc welding",24
"Warsaw Uprising",24
"Mor lam",22
"Tautiška giesmė",24
"John Egerton, 3rd Earl of Bridgewater",24
"Delhi",24
"Florida State Road 589",24
"Open cluster",24
"The Turk",24
"Hurricane Lane (2006)",21
"Varuna",24
"Prester John",24
"Economic history of Portugal",24
"France national rugby union team",24
"Whitby",24
"Cinematography in Romania",12
"Poverty in the United States",24
"T206 Honus Wagner",15
"Wickard v. Filburn",23
"History of Singapore",24
"Mooreland, Indiana",17
"Andreas Thorstensson",11
"TGV",24
"Hamdan v. Rumsfeld",24
"Nuruddin ar-Raniri",24
"Publius Enigma",24
"Shooting board",17
"Culture of Lebanon",24
"French fried potatoes",9
"Battle for Henderson Field",24
"Bill Brown (cricketer)",24
"Józef Piłsudski",24
"ACS Chemical Biology",18
"M62 motorway",24
"Intelligent designer",24
"Australia at the Winter Olympics",24
"Al Lewis (actor)",24
"Kiyojute Ryu Kempo",10
"Majulah Singapura",17
"Balasaraswati",24
"Slate industry in Wales",24
"Georg Brandes",24
"Dance song",21
"Spike Hughes",23
"Sutlej Medal",24
"Tropical Storm Leslie (2000)",23
"MINI (BMW)",9
"Jamie Lynn Spears",24
"Konami Antiques MSX Collection",24
"Adjustable rate mortgage",4
"Marc Pugh",24
"Saints &amp; Sinners",4
"Goemon's Great Adventure",24
"Singapore Dreaming",24
"Brihanmumbai Electric Supply and Transport",24
"Burglar (comics)",20
"Triceratops",24
"The KLF discography",22
"Le Paradis massacre",24
"Roslyn, Pennsylvania",23
"Effects of Hurricane Isabel in Canada",23
"Louis-Frédéric Brugère",18
"Crossroads of Twilight",21
"Split infinitive",24
"Johannes Rebmann",21
"Wōdanaz",24
"Mark Webber",24
"History of local government in the United Kingdom",21
"Super Bowl X",24
"Mac_McWhorter",24
"Sources of ancient Tamil history",17
"Dartmouth College",24
"Pythia",24
"Aesthetics",24
"STS-121",24
"Administrative receivership",17
"Bandhua Mukti Morcha",15
"Norse mythology",24
"BRM P261",16
"Stewart Farrar",24
"Myocardial infarction",24
"Turku",24
"Usumacinta River",24
"Mythical National Championship",4
"Dave Devall",24
"Dungeons &amp; Dragons",24
"British Columbia",24
"&quot;Manos&quot; The Hands of Fate",9
"1915 Boston Red Sox season",18
"Schaan",22
"Tim Foli",24
"Le comte Ory",24
"Bonaparte Provincial Park",6
"Chef Aid: The South Park Album",24
"Archegonium",22
"Intelligent design movement",24
"Chain Reaction (game show)",24
"Sudoku",24
"Acer × zoeschense",24
"Altamaha-ha",21
"Rookery Building",23
"Spencer, New South Wales",24
"Studio Ghibli",24
"Rob-B-Hood",24
"Hurricane Irene (1999)",24
"Monarchy of Canada",24
"Notre-Dame-d'Estrées",15
"Runcorn",24
"Rolette, North Dakota",20
"History of Dedham, Massachusetts, 1793–1999",23
"Ulysses (poem)",23
"Quneitra",24
"Law of Singapore",24
"CM Punk",24
"Argiope mascordi",18
"Karsten Solheim",23
"Derek Webb",24
"Noriko Shindayuu Inue",8
"Renaissance architecture",24
"Maurice &quot;Rocket&quot; Richard Trophy",23
"Russell Carrick",13
"Ecclesiastical heraldry",24
"Churches affiliated with Australian Christian Churches",18
"City of Manchester Stadium",24
"Sustainable yield",23
"Battle of Gagra",22
"Phil Collins",24
"Medical school in the United Kingdom",24
"Joseph Goebbels",24
"Castlevania: Dawn of Sorrow",24
"History of New Jersey",24
"American middle class",24
"Concorde",24
"Fetoscopy",23
"Hurricane Alice (December 1954)",24
"Selena",24
"Corythophora labriculata",18
"The Nightmare",16
"Detroit, Michigan",3
"Seventh-day Adventist Commentary Reference Series",20
"Copper(I) chloride",24
"Bhumibol Adulyadej",24
"Katie Jacobs",17
"Designated hitter",24
"Japanese cruiser Otowa",19
"Ketuanan Melayu",24
"California State Route 37",23
"Federal Bureau of Investigation",24
"Enterprise modelling",24
"HMS H41",15
"Aluminium",24
"Hurricane John (2006)",24
"Margao",24
"Change management (people)",24
"Hurricane Karen (2007)",14
"Pauline Fowler",24
"Gaya district",24
"Oskar Fischinger",21
"Jr. Pac-Man",24
"L'Assommoir",24
"Tropical cyclone observation",24
"Last of the Gaderene",23
"Tropical Depression One (1992)",23
"Lost and Safe",24
"Knot theory",24
"Analytical chemistry",24
"Delilah and the Space Rigger",23
"Strasbourg",24
"Harry McNish",24
"Suicidal Tendencies",24
"Absolute pitch",24
"GNOME",24
"Prospect, South Australia",24
"Guyball",24
"Martin Eden",24
"Zhang_Te",23
"Rosica Nikolovska",22
"Asian giant hornet",24
"Wisden Cricketers of the Year",24
"National Anthem of Russia",13
"Namco",24
"Eden Consolidated Independent School District",23
"East 233rd Street (Bronx)",14
"Grand Duchess Olga Nikolaevna of Russia (1895–1918)",10
"Fort Stanton (Washington, D.C.)",18
"Architecture of Norway",24
"Battle of Khe Sanh",24
"Bowdoin National Wildlife Refuge",23
"Breitenbush Hot Springs",22
"Chief Master Sergeant (United States)",8
"Bad Street Brawler",24
"Stargate",24
"Garlandus Compotista",24
"Chisholm, Australian Capital Territory",23
"History of Portugal (1279-1415)",7
"Edward S. Curtis",24
"Star Alliance",24
"Enron",24
"House of Lords",24
"Children's Crusade",24
"Timeline of Arda",24
"George W. Cromer",19
"AHS Centaur",24
"Jonathan Dickinson",23
"Texada Island",24
"Greensboro, North Carolina",24
"Nalmefene",23
"Point Park Civic Center",23
"Tropical Storm Matthew (2004)",24
"EMD SD45-2",13
"John Gotti",24
"Jeff Deslauriers",23
"2005 NCAA Division I-A football rankings",23
"Rhee Taekwon-Do",24
"Illinois' 3rd congressional district",2
"Geography of Japan",24
"European Union",24
"Banksia epica",24
"Gunnar Eriksson",22
"Oleh Lysheha",19
"Upsilon Andromedae b",24
"Traffic Department 2192",23
"Sound film",24
"Donut (Red vs. Blue)",24
"United Kingdom",24
"Lost (TV series)",24
"Sundbo Hundred",21
"MC Mario",24
"Chain gun",24
"Dwarf tarantula",24
"Larrys Creek",23
"Sharon Scranage",13
"NZR DF class (1954)",22
"Transportation to Coney Island",23
"Hurricane Iniki",24
"Brazil",24
"William McIntosh",24
"Trobairitz",24
"Jangan-gu",17
"Rowan Ayers",24
"Soukous",24
"Vladeta Jerotić",24
"Jakub Karol Parnas",17
"Final Fantasy II",24
"The Moon Is a Harsh Mistress",24
"Emmett Watson",22
"Charles Follen McKim",21
"Work People's College",24
"Vanderbilt University",24
"Central Illinois Railroad",18
"Still Game",24
"Danske Statsbaner",2
"Berkley Bedell",19
"Adolfo Farsari",24
"Charles Sturt University",24
"Burwardsley",24
"Nintendo Entertainment System",24
"Estonian language",24
"John Titor",24
"Homer at the Bat",24
"Golden Film",24
"Bands (neckwear)",18
"Love. Angel. Music. Baby.",24
"Out-of-body experience",24
"Endosome",24
"Search engine optimization",24
"M1917 revolver",24
"Trigonometric function",11
"Pedway",24
"Sligo",24
"Chicago Building",19
"Mach Five",23
"Odile Harington",24
"Everett McGill",23
"Ted McMeekin",23
"Daryle Ward",24
"Habiru",24
"The Hawthorns",24
"New York State Route 11B",19
"Edward Teller",24
"Mercantilism",24
"Braniewo",24
"Maimonides",24
"John Baird (Canadian politician)",24
"David Ross Locke",24
"Underneath It All",24
"Poh Ern Shih Temple",19
"Morgan Lander",24
"Pholcidae",24
"Luke P. Blackburn",22
"Soviet invasion of Poland (1939)",1
"Animal-Vegetable-Mineral Man",23
"Great Shamokin Path",22
"Lawrence University",24
"Cofinality",22
"From Russia with Love (film)",24
"Surface diffusion",14
"Hugh L. White",24
"Cape Lisburne, Alaska",16
"Indian Creek massacre",24
"1906 Cincinnati Reds season",17
"Political history of medieval Karnataka",21
"Airborne Real-time Cueing Hyperspectral Enhanced Reconnaissance",16
"Camp Merrie-Woode",23
"Bees and toxic chemicals",24
"1896-97 in Scottish football",7
"Freenet",24
"Kabyle language",24
"Siege",24
"High school baseball in Japan",24
"Canvass White",20
"69 Love Songs",24
"Khoikhoi",24
"Golasecca",20
"Mini Moke",24
"Rhodes blood libel",24
"Skagerak International School",24
"Edward Matthew Ward",21
"Sylvester's sequence",24
"EPR paradox",24
"Ninja Gaiden (2004 video game)",24
"Porno (novel)",24
"Physics",24
"Lusatian culture",23
"Maserati MC12",24
"Isan",24
"Our Lady of Fatima",8
"Cambodian Civil War",24
"Mukul S. Anand",24
"Charles Prince (cricketer)",21
"André Kertész",24
"IG Farben Building",24
"Vitulazio",19
"Jiří Grossmann",24
"I-35W Mississippi River bridge",19
"The Talented Mr. Ripley (film)",24
"Cuba-United States relations",6
"Charismatic movement",24
"Finger Lakes",24
"Roche limit",24
"Kingdom of Asturias",24
"Abenaki mythology",24
"Green Confederation",22
"Coral Springs, Florida",24
"The Cartridge Family",24
"Archaeopteryx",24
"Achaean League",24
"Brisbane Broncos",24
"Mitchell Park, South Australia",23
"George Henry Vanderbilt Cecil",20
"Marie McDonald",23
"Earwig",24
"Clare Nasir",23
"Battle of Parabiago",24
"Nordic Cross Flag",6
"Walter Stewart (journalist)",24
"Astro All Asia Networks plc",1
"Kodachi Kuno",23
"Baldwin Airport",23
"Head and neck anatomy",24
"John Brunt",24
"Suzuka (manga)",24
"Music of the United States",24
"Sand whiting",17
"Turok: Dinosaur Hunter",24
"John Boyd Thacher II",19
"The Simpsons Spin-Off Showcase",24
"Spokojnie",24
"Solomon Islands",24
"Texas Ranger Division",24
"Mercury (planet)",24
"Economy of the Republic of Ireland",24
"White Deer Hole Creek",24
"Mel Stuart",23
"Bournville",24
"Plaza Mayor, Trinidad, Cuba",21
"P14arf",24
"February-March 2007 Tornado Outbreak",5
"Khunais ibn Hudhaifa",24
"Israeli West Bank barrier",24
"North Carolina Highway 67",21
"Indian name",24
"Viliame Seruvakula",6
"Gettysburg Cyclorama",24
"Eifel Aqueduct",22
"Fortune (magazine)",24
"Carlos Alzugaray-Treto",11
"Republic of Ireland",24
"Oceanic whitetip shark",24
"Vladimir Zhirinovsky",24
"Toronto",24
"Texan schooner Invincible",16
"El Niño",24
"Wolfgang Pauli",24
"Mississauga IceDogs",24
"Papal conclave",24
"Final Fantasy III",24
"Tropical Storm Ingrid (2007)",16
"Helicodictyon",16
"François-Xavier Bélanger",16
"Music of the Lesser Antilles",24
"Yoshitaka Amano",24
"Frederick V, Duke of Swabia",21
"Bilston",24
"Massospondylus",23
"Battle of the Gebora",15
"Pasir Ris Park",21
"Fauna of Australia",24
"Franck Perera",22
"Dell",24
"Rebbetzin",23
"Enfield revolver",24
"Alien hand syndrome",24
"Celine Dion",24
"Bob Carr (Florida politician)",24
"Jay North",24
"Esopus Wars",23
"Bandon Dunes Golf Resort",24
"Andrea Consigli",24
"Mesocarb",21
"Mosque",24
"Cat Among the Pigeons",24
"Heartbreak Hotel",24
"Tyrannosaurus",24
"Acacia aneura var. pilbarana",21
"Fokker F24",10
"Can I Have It like That",10
"Final Fantasy VII",24
"Space Science Fiction Magazine",24
"James Strang",24
"Songbird (comics)",24
"The Guardian",24
"Chicago Bears",24
"Sinixt",23
"Kazi Nazrul Islam",24
"Battle of the Santa Cruz Islands",24
"Flag of Canada",24
"Exploding whale",24
"James Milner",24
"University of the Witwatersrand",24
"Dollar (United States coin)",3
"History of Raëlism",20
"Jabba the Hutt",24
"Pakistan",24
"Another Perfect Day",23
"Captain Harlock and the Queen of a Thousand Years",24
"Shielded metal arc welding",24
"John Dorso",19
"William Graham Swan",16
"Vancouver Giants",24
"Paramore",24
"Smells Like Teen Spirit",24
"Nephelinite",23
"Gary W. Martini",23
"Afghanistan",24
"Age of Mythology",24
"Chrysler 180",23
"Godstar (band)",21
"Colorado Buffaloes football",24
"The Crocus List",13
"Mark W. Balmert",20
"Svend Robinson",24
"Heinrich Barkhausen",21
"John K. Kane",18
"James McMillan (fur trader)",24
"Invasion of Tulagi (May 1942)",24
"Order of the Thistle",23
"Adrian Dix",24
"1995 Pacific hurricane season",23
"Juan Perón",24
"Kakapo",24
"Pigment",24
"Jeronimo Barrales",11
"Nightwish",24
"Military history of Puerto Rico",24
"Air Training Corps",24
"Cellulose plant conflict between Argentina and Uruguay",12
"Eagle Mk1",23
"Zachary Levi",24
"Henry's law",24
"Butterfield Bank",22
"DJ Lethal",24
"Fun Lovin' Criminals",24
"James Truchard",22
"Thermodynamics",24
"Kylie (album)",24
"Matthew Woll",24
"Sanford Kirkpatrick",19
"Multiple sclerosis",24
"Sejanus",24
"András Paróczai",24
"Eliminative materialism",24
"Joe Carnall",18
"Che Guevara",24
"Standard conditions for temperature and pressure",24
"Yoga",24
"Iron(III) chloride",24
"Cell culture",24
"2007 Belgian government formation",10
"River Severn",24
"International Court of Justice",24
"Vinnufjellet",22
"Film crew",24
"Court Moor School",24
"Kiwa hirsuta",24
"Florida West International Airways",24
"Juliana Hatfield",24
"Sulfur",24
"Isbank Tower 1",23
"Cimmerians",24
"Susanville, California",24
"Henipavirus",24
"USS Moffett (DD-362)",21
"The Church",4
"Kalimpong",24
"John McSeveney",17
"Wyndham Robertson",24
"Lera Millard Thomas",19
"Polish-Muscovite War (1605–1618)",4
"Red rain in Kerala",24
"The Philadelphia Inquirer",24
"God Hates Us All",24
"Los Angeles Times",24
"Telecine",24
"European Patent Convention",24
"Immigration to Canada",24
"Eldfell",24
"Civil war",24
"Characters of Final Fantasy XII",24
"Roe v. Wade",24
"John M. O'Sullivan",24
"Christmas tree cultivation",16
"Battle of Cannae",24
"Kamala Harris",23
"Chapter Black Saga characters (YuYu Hakusho)",24
"Indira Gandhi Institute of Development Research",21
"Pittsburgh International Airport",24
"Platypus",24
"Carcinus maenas",24
"Brutalist architecture",24
"28th Marine Regiment (United States)",22
"Battle of Kranji",16
"Lead(II) nitrate",24
"Fantômas (band)",24
"Neil Armstrong",24
"Style of the Canadian sovereign",24
"Dumbbell Indemnity",24
"Mount Pinatubo",24
"Étienne François, duc de Choiseul",23
"Ty Cobb",24
"Saku Koivu",24
"Alonso de Estrada",24
"Henrik Larsson",24
"Buffalo Grove ambush",24
"Ollanta Humala",24
"Orthoptera",24
"Knights of Columbus",24
"OpenBSD",24
"Don't Forget About Us",24
"L. Ron Hubbard",24
"Oswald of Northumbria",24
"Meteorological history of Hurricane Ivan",15
"Moonheart",21
"Rosa Parks",24
"Moe Berg",24
"Household income in the United States",24
"Melbourne Victory FC",24
"Memphis, Tennessee",24
"James Leasor",16
"Raney nickel",24
"Felipe Clemente de Diego y Gutiérrez",14
"Skipsea Castle",24
"Rail transport in India",24
"Durian",24
"Colectivo",24
"Tara Lipinski",24
"Courtauld Institute of Art",24
"Lisa the Skeptic",24
"Ray Whitney (ice hockey)",24
"Publius Sempronius Tuditanus",20
"Jimmy Nail",24
"Oklahoma State Highway 7",23
"Fort Miley Military Reservation",22
"Red Barn Murder",24
"Tony Warriner",23
"National Council on Radiation Protection and Measurements",17
"Michaelhouse, Cambridge",24
"New York State Route 59",23
"Culture of Portugal",24
"Robert Clark (actor)",24
"Christine Gambito",17
"Southampton",24
"Banner of Poland",22
"Music of Dominica",24
"Anime Festival Orlando",23
"Pirates of the Caribbean: Dead Man's Chest",24
"Prince Sadruddin Aga Khan",24
"Christian Klien",24
"Doctor Who missing episodes",24
"Oxford Township, Minnesota",7
"Mitsubishi i",24
"Princess Alice of Battenberg",24
"Mobile, Alabama",24
"Eternal Decision",24
"Boy Scouts of America",24
"Tupolev TB-3",24
"Retreat of glaciers since 1850",24
"Jeff Stanzler",23
"Gap junction",24
"The Jewel of the Nile",24
"Battle of Rostov (1941)",21
"Ken Bone",19
"Zbigniew Sosnowski",17
"De Lorean DMC-12",6
"Northern Ireland flags issue",24
"GNU Debugger",24
"Order of the Phoenix (Greek order)",2
"Owain Glyndŵr",24
"Alban Turner",21
"Malta",24
"Star Trek: Klingon Academy",24
"Language demographics of Quebec",24
"WLRN-FM",23
"Night (book)",24
"Mermaid",24
"Ivalice",24
"Karnataka",24
"Hurricane Nora (1997)",24
"Spider Murphy Gang",24
"Batman",24
"Depth of field",24
"Miranda, New South Wales",24
"Animal Liberation Front",24
"Lymeswold cheese",23
"Zambezi",24
"Rail transport in the Vatican City",11
"Helm Crag",24
"Pelé",24
"Deinonychus",24
"Kammerlader",24
"Tent pegging",24
"1997 Pacific hurricane season",24
"Vuk Drašković",24
"Spartan Aircraft Ltd",23
"Stanley Jefferson",11
"The Cantos",24
"Military establishment of the Roman Republic",19
"Shai (band)",24
"The Bus Uncle",24
"Coat of arms of Serbia",24
"Selsley",24
"Lion",24
"David Dunlap Observatory",23
"Penny-Farthing Press",24
"Ice hockey",24
"Vapor-compression refrigeration",24
"Homo floresiensis",24
"Seabird",24
"Exiles (Marvel Comics)",24
"Indira Gandhi",24
"Metabolism",24
"Winter service vehicle",23
"Jim Hermiston",14
"Russian Ground Forces",24
"Peter Sarsgaard",24
"Varroa destructor",24
"Debbie Harry",24
"Patrick Moore",24
"King Street, Hamilton, Ontario",5
"Alberta, Virginia",24
"Clone Wars (Star Wars)",24
"Technology Transfer Program",14
"Larry Coker",24
"Peter Popoff",24
"William Leigh Brent",23
"Gunston Hall",23
"Dave Grohl",24
"Straffan",23
"Black Diamond Cheese",22
"Paul Felix Schmidt",21
"Hella Good",24
"Makybe Diva",24
"Hexathelidae",24
"The Godfather Returns",24
"Kaikorai Valley College",14
"Hans Blix",24
"Airport Security Unit (Hong Kong)",24
"Benassi Bros.",20
"West Island College",23
"Yoshi's Island DS",24
"Manifold",24
"TER Lorraine",22
"Brad Rutter",24
"International Criminal Court",24
"Jevargi",23
"Swedish Armed Forces",24
"Tom Williams, Baron Williams of Barnburgh",24
"Cape Feare",24
"York City F.C.",24
"LostMagic",24
"Frank Parr",13
"Toraja",24
"Louis XVIII of France",24
"Congressional Hispanic Caucus",24
"Internationalist (album)",24
"Death Note",24
"Titanium tetrachloride",24
"Trent and Mersey Canal",24
"Northlew",14
"Michael Kroger",23
"Buena Vista Social Club",24
"Stewie Loves Lois",24
"Telecommunication",24
"Piacenza",24
"Royal Rumble",24
"New England Patriots",24
"IMac",24
"Procellariidae",24
"Turkish-American relations",10
"Alendronate",6
"Anthony Michael Hall",24
"History of evolutionary thought",24
"Stadttempel",21
"Tuck School of Business",24
"American Library Association",24
"Médecins Sans Frontières",24
"Tonga",24
"A Beautiful Mind (film)",24
"Tadhg Kennelly",24
"Coronation Street",24
"Hurricane John (1994)",24
"Exeter",24
"Hurricane Neddy",24
"PECOTA",24
"Ozark School District",22
"Dypsis onilahensis",18
"Indonesia",24
"J. F. A. McManus",24
"Outrageous Betrayal",23
"Tsunami",24
"J. D. Hayworth",24
"Link (The Legend of Zelda)",24
"Jake Sakson",23
"1981-82 NHL season",9
"Equine nutrition",23
"Edward VI of England",24
"Gareth Southgate",24
"Insect flight",24
"Invention of radio",24
"Fist of the North Star",24
"Iron Man",24
"Lightning Bolt discography",16
"East Carolina University",24
"Bánh",19
"Figure skate",24
"QI",24
"Bell H-12",19
"Armenian Revolutionary Federation",24
"Tourette syndrome",24
"Garbage (band)",24
"White Oak Township, McLean County, Illinois",23
"Franklin B. Gowen",21
"Australian dollar",24
"Sunset Crater",24
"Club Nacional de Football",24
"Kurama (YuYu Hakusho)",24
"Diborane",24
"Messatida",22
"Ale Bagu",24
"Fiduciary",24
"2003 Chicago balcony collapse",22
"Zionism",24
"The Piper at the Gates of Dawn",24
"Romeo and Juliet",24
"Waylon Jennings",24
"IWGP Junior Heavyweight Championship",23
"Huntsman spider",24
"Karl Hermann Frank",24
"Hillsboro Banner",21
"Dave Rudabaugh",24
"Matthias Richards",24
"Aquarium",24
"The Simpsons (season 17)",24
"Laker Airways",24
"Dundee United F.C.",24
"16 Cygni",24
"Athanasius Kircher",24
"Maximianus of Ravenna",23
"2005 levee failures in Greater New Orleans",24
"Cell (biology)",24
"Anna Wintour",24
"Final Fantasy XII",24
"Anwar Ibrahim",24
"Allegheny County, Pennsylvania",24
"Loyset Compère",22
"Miguel José de Azanza, Duke of Santa Fe",24
"Kuiper belt",24
"Chew Magna",24
"Jimmy Van Heusen",24
"Oregon Route 422",23
"39th Canadian Parliament",24
"History of Poland",24
"Battle of Baia",24
"Eagle (Middle-earth)",24
"Camps quinoline synthesis",24
"State Route 1002 (Lehigh County, Pennsylvania)",24
"Gau-Algesheim",22
"Book of Advertisements",23
"Carlos Astrada",23
"Domestic AC power plugs and sockets",7
"Desmond Tutu",24
"Intraosseous infusion",24
"Augustus Dunbier",17
"George J. Dufek",14
"Flora of Australia",24
"First Bank of Nigeria",23
"Cleomenean War",17
"Quebec",24
"Christian Poulsen",24
"Carry (investment)",23
"There's a Boy in the Girls' Bathroom",24
"Björn Svensson",24
"Yellow Creek (Illinois)",15
"Banavasi",22
"Board of directors",24
"Chirawa",23
"The Daily Show",24
"Spencer Smith (triathlete)",23
"The Reputation",24
"British Airways Flight 9",24
"Fort Jackson (Virginia)",16
"Samantha Power",22
"Kubrat",24
"Sisters' Islands",24
"United States",24
"St. Mary's Church, Lübeck",24
"Book of Kells",24
"Radom Air Show",24
"Come as You Are (Nirvana song)",24
"Ian Jacob",24
"Air Comores International",24
"Ford Mustang SSP",23
"Buckland Abbey",24
"Sino-Roman relations",24
"Theramenes",24
"Edward J. Stack",19
"Speech synthesis",24
"Sadler's Wells Theatre",23
"Joel Larson",23
"Second Epistle of Peter",24
"Britney Spears",24
"Olympic Games",24
"Cannon",24
"Matilda Ziegler",24
"Tangiteroria",24
"Earth Kingdom",24
"Aaron Sorkin",24
"Al-Kateb v Godwin",24
"Dakota Dunes Open",17
"Ovson Egg",23
"Saliou Lassissi",17
"SR N Class",5
"TAM Linhas Aéreas Flight 3054",12
"Walrus",24
"History of Estonia",24
"Egypt",24
"Geography of Canada",24
"Parthia",24
"Dyke Marsh",22
"Ishmael",24
"Gertie the Dinosaur",24
"Heraldry",24
"Brignall",23
"John Churchill, 1st Duke of Marlborough",24
"Mirta Ojito",24
"Astrid Kirchherr",23
"Cao Chun",23
"Josiah Power",24
"Marine Atlantic",23
"Bodyline",24
"5th Avenue Theatre",24
"Mumia Abu-Jamal",24
"Tin(II) chloride",24
"Keys to Tulsa",22
"Naantali",24
"Fully connected network",21
"Jan Rajewski",22
"Irina Kolesnikova",24
"Gemifloxacin",24
"Spider silk",24
"Valentino Zeichen",18
"X-ray",24
"Kibungan, Benguet",21
"Mission blue butterfly",24
"Mount Osmond, South Australia",24
"James Jones (wide receiver)",23
"Social psychology (psychology)",24
"As-Suwayda Governorate",23
"Business continuity planning",24
"FIFA World Cup",24
"Culture of Thiruvananthapuram",24
"Connie Francis",24
"Pederasty in ancient Greece",24
"The Age of Reason",24
"Ferdinand Verbiest",24
"British Isles",24
"Houston, Texas",3
"History of the west coast of North America",24
"Sangmélima",10
"Colorado Avalanche",24
"Italian lira",24
"History of biology",24
"Itchy &amp; Scratchy: The Movie",24
"Romanian language",24
"Gothic Lolita",24
"Influenza A virus subtype H5N1",24
"Madlax",24
"Gordon McGregor",24
"Goliathus",24
"Rosa Montero",24
"Lhasa Apso",24
"Turquoise",24
"Karlgeorg Hoefer",21
"LSWR O2 Class",12
"Württemberg",24
"Final Fantasy IV",24
"Providence, Rhode Island",24
"Meghan O'Sullivan",24
"Skewbald",23
"Welding",24
"Geography of Newfoundland and Labrador",24
"History of the New England Patriots",24
"Herrerasaurus",24
"Maximus the Confessor",24
"Pan's Labyrinth",24
"Salinas, California",24
"Ray Ellington",24
"Ryoji Kaji",24
"ZMUD",22
"Plano Collor",24
"Karawaci, Tangerang",19
"Restoration literature",24
"Paul Oscar",14
"Romegas",24
"The Giver",24
"Toruń",24
"Jack Fingleton",20
"Rhophodon",17
"Allouez, Wisconsin",23
"Music of Philadelphia",24
"The Quadrangle (Antarctica)",24
"Thomas, Earl of Mar",23
"Star",24
"Aircraft carrier",24
"A. J. Weberman",24
"Shannon Lucid",24
"Nutrition Assistance for Puerto Rico",23
"Oklahoma",24
"Whitney Joins The JAMs",24
"Æthelbald of Mercia",22
"Tim Burton",24
"Sungai Ara",24
"Lavrentiy Beria",24
"Morotai Mutiny",22
"Cowboys Are Frequently, Secretly Fond of Each Other",24
"Ideal Home Show",24
"Sons and Daughters (Australian TV series)",24
"Appalachian School of Law",24
"Alexandru Averescu",24
"La Salle School, Klang",19
"Ryanverse",22
"Gregory of Nazianzus",24
"Youngstown Ohio Works",23
"Video Power",24
"Frederick Hamilton-Temple-Blackwood, 1st Marquess of Dufferin and Ava",24
"Great French Wine Blight",14
"Min kärlek",24
"Toribio de Benavente Motolinia",24
"James Root",4
"Time",24
"Museo Egizio",24
"Lumière University Lyon 2",16
"Bangladesh Telecommunication Regulatory Commission",17
"Education in Iceland",17
"Trade",24
"Mesut Yılmaz",24
"Komárno",24
"Cividade de Terroso",20
"Hippocrates",24
"Presidents' Trophy",24
"Korean language",24
"William Pearce Howland",24
"Holden",24
"A Vindication of the Rights of Woman",24
"Planet",24
"Prehistoric Iberia",21
"Rinoa Heartilly",24
"Sheffield",24
"The Long Walk Home",23
"Geum bulgaricum",15
"Goodville, Pennsylvania",17
"The World Is Not Enough (song)",24
"Economy of Scotland",24
"Freedom of religion",24
"Eggheads (TV series)",24
"SpongeBob SquarePants",24
"Jacqueline Saburido",23
"Augustus O. Bourn",12
"Ivan Alexander of Bulgaria",24
"Derry City F.C.",24
"United Kingdom in the Junior Eurovision Song Contest",24
"Dark matter",24
"Rosebud Indian Reservation",21
"Chris Smith (U.S. politician)",2
"Polonization",24
"Hurricane Nina (1957)",22
"Varieties of Arabic",24
"François Crépin",20
"Henry Beard",15
"Columbia River Highway",9
"Tropical Storm Mindy (2003)",23
"Ian Peebles",23
"Maedhros",24
"Shoot 'em up",24
"Nylon Moon",9
"Nuclear isomer",24
"Drew Carey",24
"Yves Coppens",24
"The Twin Towers (professional wrestling)",23
"The Battle of Alexander at Issus",21
"Coat of arms of Palestine",24
"Assassination",24
"Hurricane Gustav (2002)",23
"Agriculture and aquaculture in Hong Kong",23
"Selenium",24
"Being Boring",24
"Facing the Giants",24
"Book of Malachi",24
"Effects of Hurricane Isabel in Delaware",24
"Philadelphia Quakers (AFL)",19
"Letters Written in Sweden, Norway, and Denmark",18
"Aqaba Airport",11
"Moore's Law",8
"Jarmann M1884",24
"Canadian Battlefield Memorials Restoration Project",21
"Elf (Middle-earth)",24
"Legal disputes over the Harry Potter series",19
"Madness (band)",24
"Gordon O'Connor",24
"Dungeness crab",24
"Chile at the 2002 Winter Olympics",19
"Orc (Middle-earth)",24
"Bradfield Combust with Stanningfield",12
"Domnus II of Antioch",22
"Jefferson Barracks Military Post",24
"County of Mark",24
"Robert Courtleigh",19
"Stanwell Corporation",19
"Muawiyah I",24
"Bahá'í Faith",24
"Greco-Persian Wars",24
"Monica Tidwell",24
"DFW Tornados",24
"Ascension (Stargate)",24
"Giles Jacob",15
"USS Texas (BB-35)",24
"Gavin Lambert",22
"Amaryllis",24
"Dow Chemical Company",24
"Jonathan Lethem",23
"Woodville, Calumet County, Wisconsin",15
"Jason Snell",23
"Newsy Lalonde",24
"Henry of Grosmont, 1st Duke of Lancaster",23
"Karl von Terzaghi",24
"St. La Salle Hall",24
"Democratic Party (United States)",24
"Laser",24
"Nepenthes bicalcarata",22
"Interstate 355",24
"Italian Mare Nostrum",17
"Mary Martha Sherwood",23
"Riemann hypothesis",24
"Unwed Sailor",24
"The Ordertaker",20
"Dreamgirls (film)",24
"Flag of Armenia",24
"USS Hoel (DDG-13)",24
"Kedida Gamela",14
"Ammonius the Peripatetic",6
"Viva Hate (band)",24
"Cy-Fair College",24
"Heinrich Moritz Chalybäus",17
"Gifted education",24
"Wheatbelt (Western Australia)",24
"Intercollegiate Athletic Association of the Northwest",17
"Cosmopolitan (cocktail)",24
"F-Zero GX",24
"Red imported fire ant",24
"Aleksander Hall",19
"The Real Adventures of Jonny Quest",24
"Smallville (TV series)",3
"Colosseum",24
"Psycho (1960 film)",24
"Sibu Division",24
"Eastwood, New South Wales",24
"Battle of Gettysburg",24
"International Space Station",24
"Posłuchaj to do ciebie",3
"Archimedes",24
"Holy Synod of the Assyrian Church of the East",24
"Folk instrument",24
"Palma Campania",20
"Flight controller",23
"Elizabeth Needham",24
"Rudolf Jakob Camerarius",24
"Ecclesiastical Law Society",18
"V.",24
"HMS Ledbury (L90)",19
"John Bull (locomotive)",23
"Berea College v. Kentucky",20
"Hesselberg",20
"Rashomon (short story)",5
"Sophie Blanchard",23
"Albert E. Jacomb",24
"Military history of Gibraltar during World War II",19
"Black Death",24
"The Farmer in the Dell",24
"Próxima Estación: Esperanza",23
"Hanukkah",24
"The KLF",24
"Thomas Pynchon",24
"Battle of Dyrrhachium (1081)",23
"Insurrection (StarCraft)",24
"Fujiwara no Teika",23
"Aquilla Lake",20
"Rentaghost",24
"Monty Hall problem",24
"Leprechaun",24
"Lijordet (station)",22
"Hilary Putnam",24
"Flamborough Head",24
"C. S. Lewis",24
"Susquehanna River",24
"Shane Paltridge",24
"Scout Taylor-Compton",24
"USS Whippoorwill (AMS-207)",19
"Elfen Lied",24
"Ian Chappell",24
"The Hospital (TV series)",24
"Adaptations of The Lord of the Rings",24
"Lincoln Theatre (Washington, D.C.)",24
"Botulism",24
"Fair trade",24
"Simonov Monastery",20
"Baudinella",17
"Shawn Michaels",24
"Damien Dante Wayans",24
"Craugastor jota",18
"Rich Girl (Gwen Stefani song)",24
"Klingon language",24
"Culture",24
"Silver Springs State Fish and Wildlife Area",20
"Trade route",24
"Speedrun",24
"MV Adula",15
"Hong Kong Convention and Exhibition Centre",23
"Myxobolus cerebralis",20
"Nissan F-Alpha platform",21
"Ogle County Courthouse",24
"Massively multiplayer online role-playing game",24
"Nevis",24
"Paint Pastel Princess",21
"Bossa Nova (film)",24
"Dorset",24
"Colorado potato beetle",24
"Mediation",24
"Shitalakshya River",18
"City &amp; South London Railway",6
"Brian Urlacher",24
"Priory",23
"Geology of Scotland",23
"Metal Gear Solid",24
"Conn Smythe Trophy",24
"None More Black",24
"Princess Angela of Liechtenstein",24
"Claude Favre de Vaugelas",24
"Sequence alignment",24
"Christ Illusion",24
"Hot Fuzz",24
"Altitude sickness",24
"Ford Taurus",24
"Mixed strategy",24
"Herzliya",24
"The Lord of the Rings Strategy Battle Game",24
"Crinoline",24
"Ciaran Lyng",3
"Prostitution in the People's Republic of China",24
"180th Street–Bronx Park (IRT White Plains Road Line)",24
"Anne of Great Britain",13
"Ho Chi Minh Campaign",24
"George Robert Gleig",23
"Indus Valley Civilization",24
"Tropical Storm Larry (2003)",23
"Great Lubyanka Street",21
"Sai Ying Pun Station",24
"Dusky Woodswallow",21
"Juan de Leyva de la Cerda, conde de Baños",24
"Pipil grammar",23
"The Argument Sketch",23
"Rus'-Ukrainian Union",24
"Holidays of Japan",24
"AT&amp;T Corporate Center",23
"Battles of Corbridge",24
"Johnny Miller (NASCAR)",5
"USS Waddell (DDG-24)",23
"Tumbler Ridge, British Columbia",24
"Mac OS X",24
"John Lee Richmond",24
"Harry Paget Flashman",24
"Knight Engine",24
"Joe Greene (American football)",24
"Siege of Paris (885-886)",24
"House of Gediminas",22
"History of the molecule",24
"Cape Fear Shiner",18
"Proactiv Solution",24
"International Speedway Corporation",24
"Crotalus atrox",24
"Roman Catholicism in Afghanistan",24
"The Night Attack",24
"Horner-Wadsworth-Emmons reaction",24
"3-D film",24
"Alan Davidson (cricketer)",23
"Ganmain, New South Wales",24
"Y. B. Rowdy (Medal of Honor recipient)",19
"Islamic view of Ezra",15
"Stanley (Amtrak station)",22
"Nissan Motor Manufacturing (UK) Ltd",24
"Rietdijk-Putnam argument",19
"Tōru Takemitsu",24
"Cristobal Llorens",15
"Santamaría (volcano)",24
"Creative ZEN",24
"Federalist Papers",24
"Harrogate Town F.C.",24
"South American Championship 1916",20
"Line 2, Beijing Subway",24
"Mountain Parakeet",18
"Muso Gonnosuke",24
"Death of Dean Shillingsworth",15
"Americanization (of Native Americans)",24
"East Norwalk (Metro-North station)",22
"Swiss Federal Council",24
"Dragon Shiryu",24
"Cross Creek Railway Station",17
"American Goldfinch",24
"Seal of New Hampshire",24
"The Lord of the Rings film trilogy",24
"KC Stadium",24
"Pygmy Blue Whale",19
"AIDS Coalition to Unleash Power",24
"Even in the Quietest Moments",24
"John Collier (artist)",24
"Whale song",24
"Paul Anthony Cook",24
"Lutz's Poison Frog",18
"Adore (album)",24
"Union Flag",24
"Cathedral architecture of Western Europe",24
"Mariana Mallard",24
"Tennessee Cave Salamander",18
"Chromosome 2 (human)",24
"Phan Dinh Phung",21
"Then Was Then - Now Is Now!",23
"Always (album)",23
"1,3-Butadiene",24
"Crumbling Land (song)",15
"Oriental Orthodoxy",24
"Shuanghu Special District",21
"John F. Kennedy assassination",24
"Hohenheim (Fullmetal Alchemist)",7
"Seventh and eighth dynasties of Egypt",22
"Qozhaya",22
"Distribution (business)",24
"Ujitawara, Kyoto",17
"The Land That Time Forgot (film)",15
"Cane Toad",24
"Elizabeth Bowes-Lyon",24
"Le Quang Tung",21
"History of Minneapolis, Minnesota",22
"Niederursel (Frankfurt am Main)",24
"GoldenEye 007",23
"Tay-Sachs disease",24
"Yen Bai mutiny",15
"Metsamor site",24
"Christovão Falcão",22
"William Beeman",23
"Quercus albocinta",17
"Cydonia Mensae",24
"Stephen Colbert at the 2006 White House Correspondents' Association Dinner",24
"Humanum Genus",23
"This Bird Has Flown - A 40th Anniversary Tribute to the Beatles' Rubber Soul",23
"Alberta general election, 2004",24
"Yamashita Yoshiaki",22
"Battle for Vedeno (2001)",24
"Allama Mashriqi",24
"Seo Ho-Jin",16
"Timeless_Tales_for_Changing_Times",18
"Kashyap Samhita",24
"Freshwater prawn farm",19
"Six Flags Astroworld",24
"Periodic table (standard)",24
"2012 Summer Olympics bids",24
"Her Majesty's Most Honourable Privy Council",24
"Haruhi Suzumiya (franchise)",20
"Beijing opera",24
"Boy Scout",24
"Red-tailed Hawk",24
"Queluz National Palace",22
"Mohammad Rafiqul Islam Khan",24
"Treehouse of Horror (series)",24
"Rana-de Arbol De Juanita",18
"Mildura, Victoria",24
"Gaius Julius Caesar (proconsul of Asia, 90s BC)",23
"Helder Esteves",24
"Historic district (United States)",23
"Balboa High School (San Francisco, California)",24
"Tropical Storm Zeta (2005)",24
"King Vulture",24
"History of the Peerage",21
"Section Thirty-four of the Canadian Charter of Rights and Freedoms",24
"F-84 Thunderjet",24
"Doctor (Doctor Who)",24
"Capitol Limited (B&amp;O)",19
"Dairy Farmers Stadium",24
"CCU Delivery",20
"American Empire (Harry Turtledove)",24
"Douglaston, Queens",24
"Liberal Party of Canada leadership convention, 1968",23
"John Mylne (1611-1667)",20
"Australian electoral system",24
"Christian views of Jesus",24
"Union Station (San Diego)",24
"Wolverine (comics)",23
"T cell receptor",24
"Killing Me Softly (album)",21
"Greater Yellow-headed Vulture",18
"Ethnic groups in Canada",24
"Northern Red-legged Frog",24
"DMX512-A",24
"David Morris (politician)",24
"Castle of Mirwart",18
"Neposedi",24
"Magnetophone",24
"Green Iguana",24
"Gravitation",24
"Snake scales",23
"Daniel Fentom",24
"Syrian American",21
"Nhat Hanh",24
"Romanov sainthood",23
"Hubert de Brienne, Comte de Conflans",15
"Byzantium under the Komnenoi",18
"Hurricane Epsilon (2005)",24
"Broad Fields, Kentucky",24
"White Magician",22
"Muzafar II",9
"Slavic mythology",24
"Ikata, Ehime",24
"Alessandro Rossi (politician)",21
"Religious Society of Friends",24
"Shalalth, British Columbia",24
"Karplus-Strong string synthesis",22
"B movies (1980s to the present)",23
"Japanese words of Portuguese origin",24
"Tambora (lost culture)",19
"The Princess (play)",22
"Charles Melchior Artus de Bonchamps",23
"Positions on Jerusalem",24
"Eurovision Song Contest winners",24
"Samuel J. Loomis",24
"Comma Johanneum",23
"Planetarian: Chiisana Hoshi no Yume",24
"The Portland Mercury",23
"February 2007 North America Winter Storm",23
"Battle of Gettysburg, First Day",24
"Feminist Sex Wars",24
"Coupling (railway)",24
"Papal conclave, 2005",23
"Canadian Forces",24
"Yellow-bellied Glider",24
"Boy Scouting (Boy Scouts of America)",24
"Georgia Institute of Technology",24
"Tasmanian Devil",24
"Interstate 295 (Delaware-New Jersey)",24
"Thomas Alcock (clergyman)",22
"1700-1750 in fashion",23
"Hickman's potentilla",24
"The Bats",22
"Nouelia insignis",18
"York City F.C. seasons",24
"Nireah Johnson",17
"Elfin-woods Warbler",23
"New Jersey State Constitution",24
"Nation of Ulysses discography",23
"County of Adelaide, South Australia",22
"State of Vietnam referendum, 1955",22
"Ctrl+Alt+Del",24
"Georgia Tech traditions",24
"Paris High School (Paris, Illinois)",17
"Locks on the Kennet and Avon Canal",24
"Watson Island, Miami, Florida",24
"Herne Bay, Kent",24
"Herbig-Haro object",24
"False Zokor",18
"Demonic Tube-nosed Fruit Bat",18
"Bitis gabonica",24
"Crazy Taxi (series)",24
"B movies (Transition in the 1950s)",23
"Milestone home runs by Barry Bonds",14
"Boston terrier",24
"Hong Kong Movie Database",24
"Soviet S class submarine",23
"Novardok yeshiva",24
"Paul Calderon",24
"In Concert: Live at Philharmonic Hall",17
"Tekhsnabexport",23
"Andijan massacre",24
"Battle of the Olive Grove of Koundouros",24
"1960 New York air disaster",24
"Back Stage",23
"Wood Thrush",24
"Haystacks (Monet)",24
"Aviation navale",24
"Sega Mega Drive",24
"Petroicidae",24
"Cover Her Face (novel)",24
"Key West, Florida",24
"Chess handicap",24
"Mauthausen-Gusen concentration camp",24
"Salso River",22
"Dr. Strangelove or: How I Learned to Stop Worrying and Love the Bomb",24
"Æthelwulf of Wessex",24
"Towelie (South Park episode)",24
"Clifton Forge (Amtrak station)",22
"Antonio Ribeiro",24
"History of Lithuania (1219–1295)",24
"James I of England",24
"If I Were You (novel)",23
"1300-1400 in fashion",22
"Szczecin-Golęcino",23
"Indian national cricket captains",24
"Savoia-Marchetti",24
"Arthur Ernest Percival",24
"John Lawson (Australian rules footballer)",21
"2004 Indian Ocean earthquake",24
"Henry Peel Ritchie",24
"Technology of the Song Dynasty",21
"Philippine-American War",24
"Jack Thompson (attorney)",24
"LVT-5",23
"History of the Ming Dynasty",12
"Swiss federal election, 2007",24
"Reasonable Doubt",23
"Scouting in Portugal",22
"Hairy-fronted Muntjac",24
"Canadian federal election, 1963",24
"A.M. (album)",24
"Meek's Lorikeet",18
"Order of St. Patrick",24
"William Butler Yeats",24
"Nasva River",18
"Rena Mero",24
"Enceladus (moon)",24
"Audacious class aircraft carrier",24
"The Answer (Animorphs)",24
"Variegated Fairy-wren",19
"Mauricio Rua",24
"Trinity School (Newbury)",24
"Genericized trademark",24
"Basel-Country",24
"Caspian expeditions of the Rus",23
"Tunbridge Wells (borough)",24
"Danish football champions",24
"Island Fox",24
"Black widow spider",24
"Battle of Viljandi, 1211",14
"Hovhannes Bagramyan",24
"1920 Palestine riots",24
"Lupin III",24
"Kim Kibum",20
"Administration of an estate on death",24
"Upper Magdalena Tapaculo",23
"Officer Candidates School (U.S. Marine Corps)",24
"Sir Charles Fox",18
"Swan by-election, 1918",19
"Major Soccer League",24
"Apostolicae Curae",24
"Rock and alternative music in Iran",24
"Bûche de Noël",24
"Banana massacre",23
"Harold W. Gehman, Jr.",17
"Mac OS",24
"Chenal Valley, Little Rock, Arkansas",22
"Hurricane Vince (2005)",24
"Battle of Gettysburg, Second Day",24
"Isaac Newton's religious views",24
"Renault F1",24
"Leopard syndrome",24
"Swimming World Swimmers of the Year",24
"Truong Dinh",15
"Area of a disk",24
"Technopark, Kerala",24
"South Side (Chicago)",17
"Zimbabwean national cricket captains",17
"Kirkland Lake, Ontario",23
"USAir Flight 1493",24
"B movies (The exploitation boom)",23
"Fight Club (film)",24
"Hillsong Music Australia",24
"English football champions",24
"Viet Nam Quoc Dan Dang",24
"Roman Republican coinage",24
"George William Forbes",24
"Extrasolar planet",24
"Principal photography of The Lord of the Rings film trilogy",23
"Eagle (comic)",24
"Eamon (computer game)",24
"Freeport (LIRR station)",21
"Karşılama",24
"Consolation of Philosophy",24
"1400-1500 in fashion",24
"Charles Polk, Jr.",24
"Luca Turilli (musician)",24
"I Believe (album)",22
"Trichoptera",24
"Dragon Warrior III",24
"Koryū",23
"Descent: FreeSpace — The Great War",24
"2005 Rugby League State of Origin series",20
"Hiawatha Line",24
"Trailer (film)",24
"Egyptian Mongoose",24
"De La Salle-Santiago Zobel School",24
"Heath Fritillary",22
"USS L. Y. Spear (AS-36)",19
"Ajmer sex scandal",24
"British anti-invasion preparations of World War II",24
"1888-1889 New Zealand Native football team matches",20
"United States Numbered Highways",24
"1900s in fashion",23
"Lunga, Firth of Lorn",22
"Nick Ward (footballer)",24
"Acquisition Initiation (ISPL)",17
"Maraba Coffee",24
"Papal Tiara",24
"Dalmore railway station, Victoria",20
"Narnian timeline",24
"Jempol",18
"Supersonic",24
"Burhanuddin Upazila",23
"Blue Iguana",23
"Carolina Wren",24
"Bhakta Prahlada (1942 film)",24
